Brand,Name,Variant,Type,Lip Condition,Undertone,Ketahanan,Finish Texture,Price
Hanasui,Hanasui Longlasting Next Level Liplast Cream,Girlboss,Lip Cream,"Kering, Dehidrasi",Warm-Shade,High-Stay,Matte,30000
Hanasui,Hanasui Longlasting Next Level Liplast Cream,Queen Bee,Lip Cream,"Kering, Dehidrasi",Cool-Shade,High-Stay,Matte,30000
Hanasui,Hanasui Longlasting Next Level Liplast Cream,Her Rules,Lip Cream,"Kering, Dehidrasi","Warm-Shade, Neutral-Shade",High-Stay,Matte,30000
Hanasui,Hanasui Longlasting Next Level Liplast Cream,Leadher,Lip Cream,"Kering, Dehidrasi",Neutral-Shade,High-Stay,Matte,30000
Hanasui,Hanasui Longlasting Next Level Liplast Cream,Presdear,Lip Cream,"Kering, Dehidrasi",Warm-Shade,High-Stay,Matte,30000
Hanasui,Hanasui Longlasting Next Level Liplast Cream,She-EO,Lip Cream,"Kering, Dehidrasi",Warm-Shade,High-Stay,Matte,30000
Hanasui,Hanasui Longlasting Next Level Liplast Cream,Datgirl,Lip Cream,"Kering, Dehidrasi","Neutral-Shade, Cool-Shade",High-Stay,Matte,30000
Hanasui,Hanasui Longlasting Next Level Liplast Cream,Showgirl,Lip Cream,"Kering, Dehidrasi",Warm-Shade,High-Stay,Matte,30000
Hanasui,Hanasui Longlasting Next Level Liplast Cream,Whooman,Lip Cream,"Kering, Dehidrasi",Neutral-Shade,High-Stay,Matte,30000
Hanasui,Hanasui Longlasting Next Level Liplast Cream,Masther,Lip Cream,"Kering, Dehidrasi","Warm-Shade, Neutral-Shade",High-Stay,Matte,30000
Hanasui,Lip Cream Hanasui Mattedorable Lipcream,Kiss,Lip Cream,Normal,"Warm-Shade, Neutral-Shade",High-Stay,Matte,26500
Hanasui,Lip Cream Hanasui Mattedorable Lipcream,Posh,Lip Cream,Normal,Cool-Shade,High-Stay,Matte,26500
Hanasui,Lip Cream Hanasui Mattedorable Lipcream,Star,Lip Cream,Normal,Cool-Shade,High-Stay,Matte,26500
Hanasui,Lip Cream Hanasui Mattedorable Lipcream,Chic,Lip Cream,Normal,"Warm-Shade, Neutral-Shade",High-Stay,Matte,26500
Hanasui,Lip Cream Hanasui Mattedorable Lipcream,Classy,Lip Cream,Normal,"Warm-Shade, Neutral-Shade",High-Stay,Matte,26500
Hanasui,Lip Cream Hanasui Mattedorable Lipcream,Ritz,Lip Cream,Normal,Warm-Shade,High-Stay,Matte,26500
Hanasui,Lip Cream Hanasui Mattedorable Lipcream,Spark,Lip Cream,Normal,"Neutral-Shade, Cool-Shade",High-Stay,Matte,26500
Hanasui,Lip Cream Hanasui Mattedorable Lipcream,Fancy,Lip Cream,Normal,"Warm-Shade, Neutral-Shade",High-Stay,Matte,26500
Hanasui,Lip Cream Hanasui Mattedorable Lipcream,Fame,Lip Cream,Normal,"Warm-Shade, Neutral-Shade",High-Stay,Matte,26500
Hanasui,Lip Cream Hanasui Mattedorable Lipcream,Allure,Lip Cream,Normal,"Warm-Shade, Neutral-Shade",High-Stay,Matte,26500
Hanasui,Lip Cream Hanasui Mattedorable Lipcream,Brick,Lip Cream,Normal,Warm-Shade,High-Stay,Matte,26500
Hanasui,Lip Cream Hanasui Mattedorable Lipcream,Amaze,Lip Cream,Normal,Warm-Shade,High-Stay,Matte,26500
Hanasui,Lip Cream Hanasui Mattedorable Lipcream,Adore,Lip Cream,Normal,"Neutral-Shade, Cool-Shade",High-Stay,Matte,26500
Hanasui,Lip Cream Hanasui Mattedorable Lipcream,Dusty,Lip Cream,Normal,"Neutral-Shade, Cool-Shade",High-Stay,Matte,26500
Hanasui,Lip Cream Hanasui Mattedorable Lipcream,Flame,Lip Cream,Normal,"Warm-Shade, Neutral-Shade",High-Stay,Matte,26500
Hanasui,Lip Cream Hanasui Mattedorable Lipcream,Glame,Lip Cream,Normal,Cool-Shade,High-Stay,Matte,26500
Hanasui,Hanasui Next Level Butter Balm,Nerdy,Lip Balm,Normal,"Warm-Shade, Neutral-Shade",High-Stay,Satin/Velvet,33000
Hanasui,Hanasui Next Level Butter Balm,Witty,Lip Balm,Normal,"Neutral-Shade, Cool-Shade",High-Stay,Satin/Velvet,33000
Hanasui,Hanasui Next Level Butter Balm,Sassy,Lip Balm,Normal,Cool-Shade,High-Stay,Satin/Velvet,33000
Hanasui,Hanasui Next Level Butter Balm,Whimsy,Lip Balm,Normal,Warm-Shade,High-Stay,Satin/Velvet,33000
Hanasui,Hanasui Next Level Butter Balm,Artsy,Lip Balm,Normal,Warm-Shade,High-Stay,Satin/Velvet,33000
Hanasui,Hanasui Next Level Butter Balm,Pretty,Lip Balm,Normal,"Neutral-Shade, Cool-Shade",High-Stay,Satin/Velvet,33000
Hanasui,Hanasui Matteadorable Lipcream - BOBA EDITION,Forest Berry,Lip Cream,Normal,Cool-Shade,High-Stay,Matte,26500
Hanasui,Hanasui Matteadorable Lipcream - BOBA EDITION,Brown Sugar,Lip Cream,Normal,"Warm-Shade, Neutral-Shade",High-Stay,Matte,26500
Hanasui,Hanasui Matteadorable Lipcream - BOBA EDITION,Salted Caramel,Lip Cream,Normal,"Warm-Shade, Neutral-Shade",High-Stay,Matte,26500
Hanasui,Hanasui Matteadorable Lipcream - BOBA EDITION,Pink Lava,Lip Cream,Normal,"Neutral-Shade, Cool-Shade",High-Stay,Matte,26500
Hanasui,Hanasui Matteadorable Lipcream - BOBA EDITION,Creamy Peach,Lip Cream,Normal,Warm-Shade,High-Stay,Matte,26500
Hanasui,Hanasui Matteadorable Lipcream - BOBA EDITION,Hazelnut Latter,Lip Cream,Normal,Warm-Shade,High-Stay,Matte,26500
Glad2Glow,Glad2Glow Brightening Lip Serum,Peach Pie,Lip Serum,"Kering, Dehidrasi",Warm-Shade,Low-Stay,Glossy,59000
Glad2Glow,Glad2Glow Brightening Lip Serum,Berry Soda,Lip Serum,"Kering, Dehidrasi",Cool-Shade,Low-Stay,Glossy,59000
Glad2Glow,Glad2Glow Brightening Lip Serum,Pearl Sparkle,Lip Serum,"Kering, Dehidrasi","Neutral-Shade, Cool-Shade",Low-Stay,Glossy,59000
Glad2Glow,Glad2Glow Brightening Lip Serum,Grape Jelly,Lip Serum,"Kering, Dehidrasi",Neutral-Shade,Low-Stay,Glossy,59000
Glad2Glow,Glad2Glow Brightening Lip Serum,Cherry Pop,Lip Serum,"Kering, Dehidrasi",Warm-Shade,Low-Stay,Glossy,59000
Glad2Glow,Glad2Glow Brightening Lip Serum,Pumpkin Frost,Lip Serum,"Kering, Dehidrasi",Warm-Shade,Low-Stay,Glossy,59000
Implora,Implora Jelly Tint,Mariposa,Lip Tint,"Kering, Dehidrasi","Warm-Shade, Neutral-Shade",High-Stay,Glossy,20500
Implora,Implora Jelly Tint,Savvy Red,Lip Tint,"Kering, Dehidrasi",Cool-Shade,High-Stay,Glossy,20500
Implora,Implora Jelly Tint,True Vintage,Lip Tint,"Kering, Dehidrasi",Cool-Shade,High-Stay,Glossy,20500
Implora,Implora Jelly Tint,Rosy Posy,Lip Tint,"Kering, Dehidrasi",Cool-Shade,High-Stay,Glossy,20500
Implora,Implora Jelly Tint,Dream Peach,Lip Tint,"Kering, Dehidrasi",Warm-Shade,High-Stay,Glossy,20500
Implora,Implora Jelly Tint,Flamingo,Lip Tint,"Kering, Dehidrasi",Cool-Shade,High-Stay,Glossy,20500
Implora,Implora Jelly Tint,Sangria,Lip Tint,"Kering, Dehidrasi",Neutral-Shade,High-Stay,Glossy,20500
Implora,Implora Jelly Tint,Burnt Orange,Lip Tint,"Kering, Dehidrasi",Warm-Shade,High-Stay,Glossy,20500
Implora,Implora Jelly Tint,Rosewood,Lip Tint,"Kering, Dehidrasi","Warm-Shade, Neutral-Shade",High-Stay,Glossy,20500
Hanasui,Hanasui Mattedorable Lip Cream Matcha Latte Edition,Matchalicious,Lip Cream,"Kering, Normal",Cool-Shade,High-Stay,Matte,26500
Hanasui,Hanasui Mattedorable Lip Cream Matcha Latte Edition,Matchamallow,Lip Cream,"Kering, Normal","Warm-Shade, Neutral-Shade",High-Stay,Matte,26500
Hanasui,Hanasui Mattedorable Lip Cream Matcha Latte Edition,Matchaciano,Lip Cream,"Kering, Normal",Warm-Shade,High-Stay,Matte,26500
Hanasui,Hanasui Mattedorable Lip Cream Matcha Latte Edition,Matchalover,Lip Cream,"Kering, Normal",Warm-Shade,High-Stay,Matte,26500
Hanasui,Hanasui Mattedorable Lip Cream Matcha Latte Edition,Matchablend,Lip Cream,"Kering, Normal",Neutral-Shade,High-Stay,Matte,26500
Hanasui,Hanasui Mattedorable Lip Cream Matcha Latte Edition,Matchachoco,Lip Cream,"Kering, Normal","Warm-Shade, Neutral-Shade",High-Stay,Matte,26500
Hanasui,Hanasui Next Level Blurry Tint,Redveluv,Lip Tint,"Kering, Dehidrasi",Cool-Shade,High-Stay,Satin/Velvet,31500
Hanasui,Hanasui Next Level Blurry Tint,Sorbae,Lip Tint,"Kering, Dehidrasi",Neutral-Shade,High-Stay,Satin/Velvet,31500
Hanasui,Hanasui Next Level Blurry Tint,Muffeel,Lip Tint,"Kering, Dehidrasi",Warm-Shade,High-Stay,Satin/Velvet,31500
Hanasui,Hanasui Next Level Blurry Tint,Ollieboy,Lip Tint,"Kering, Dehidrasi",Neutral-Shade,High-Stay,Satin/Velvet,31500
Hanasui,Hanasui Next Level Blurry Tint,Pavlover,Lip Tint,"Kering, Dehidrasi","Warm-Shade, Neutral-Shade",High-Stay,Satin/Velvet,31500
Hanasui,Hanasui Next Level Blurry Tint,PistaseeU,Lip Tint,"Kering, Dehidrasi","Warm-Shade, Neutral-Shade",High-Stay,Satin/Velvet,31500
Hanasui,Hanasui Next Level Blurry Tint,Cinnamone,Lip Tint,"Kering, Dehidrasi",Warm-Shade,High-Stay,Satin/Velvet,31500
Hanasui,Hanasui Next Level Blurry Tint,Rousse,Lip Tint,"Kering, Dehidrasi","Neutral-Shade, Cool-Shade",High-Stay,Satin/Velvet,31500
Hanasui,Hydrating Hanasui Glazedorable Lip Vinyl,Not Today,Lip Vynil,"Kering, Dehidrasi",Cool-Shade,High-Stay,Glossy,37000
Hanasui,Hydrating Hanasui Glazedorable Lip Vinyl,Yes Honey,Lip Vynil,"Kering, Dehidrasi",Warm-Shade,High-Stay,Glossy,37000
Hanasui,Hydrating Hanasui Glazedorable Lip Vinyl,Thank You,Lip Vynil,"Kering, Dehidrasi",Cool-Shade,High-Stay,Glossy,37000
Hanasui,Hydrating Hanasui Glazedorable Lip Vinyl,Bless Me,Lip Vynil,"Kering, Dehidrasi",Cool-Shade,High-Stay,Glossy,37000
Hanasui,Hydrating Hanasui Glazedorable Lip Vinyl,Speechless,Lip Vynil,"Kering, Dehidrasi","Warm-Shade, Neutral-Shade",High-Stay,Glossy,37000
Hanasui,Hydrating Hanasui Glazedorable Lip Vinyl,Stay Cool,Lip Vynil,"Kering, Dehidrasi","Neutral-Shade, Warm-Shade",High-Stay,Glossy,37000
TimePhoria,TimePhoria Stellar Dust Lip Stain,Calyptra,Lip Stain,"Normal, Dehidrasi","Warm-Shade, Neutral-Shade",High-Stay,Glossy,113050
TimePhoria,TimePhoria Stellar Dust Lip Stain,Solaris,Lip Stain,"Normal, Dehidrasi",Warm-Shade,High-Stay,Glossy,113050
TimePhoria,TimePhoria Stellar Dust Lip Stain,Luxia,Lip Stain,"Normal, Dehidrasi","Cool-Shade, Neutral-Shade",High-Stay,Glossy,113050
TimePhoria,TimePhoria Stellar Dust Lip Stain,Cherrion,Lip Stain,"Normal, Dehidrasi",Cool-Shade,High-Stay,Glossy,113050
TimePhoria,TimePhoria Stellar Dust Lip Stain,Electra,Lip Stain,"Normal, Dehidrasi",Cool-Shade,High-Stay,Glossy,113050
TimePhoria,TimePhoria Stellar Dust Lip Stain,Nerose,Lip Stain,"Normal, Dehidrasi","Neutral-Shade, Cool-Shade",High-Stay,Glossy,113050
TimePhoria,TimePhoria Stellar Dust Lip Stain,Quanta,Lip Stain,"Normal, Dehidrasi","Warm-Shade, Neutral-Shade",High-Stay,Glossy,113050
TimePhoria,TimePhoria Stellar Dust Lip Stain,Rubion,Lip Stain,"Normal, Dehidrasi",Cool-Shade,High-Stay,Glossy,113050
TimePhoria,TimePhoria Stellar Dust Lip Stain,Enigma,Lip Stain,"Normal, Dehidrasi",Cool-Shade,High-Stay,Glossy,113050
TimePhoria,TimePhoria Stellar Dust Lip Stain,Axion,Lip Stain,"Normal, Dehidrasi",Neutral-Shade,High-Stay,Glossy,113050
TimePhoria,TimePhoria Stellar Dust Lip Stain,Futura,Lip Stain,"Normal, Dehidrasi","Warm-Shade, Neutral-Shade",High-Stay,Glossy,113050
TimePhoria,TimePhoria Stellar Dust Lip Stain,Pulse,Lip Stain,"Normal, Dehidrasi",Warm-Shade,High-Stay,Glossy,113050
Implora,Implora Cheek & Liptint Multifungsi,Vampire Blood,Lip Tint,"Kering, Dehidrasi",Cool-Shade,High-Stay,Glossy,16000
Implora,Implora Cheek & Liptint Multifungsi,Cherry Bomb,Lip Tint,"Kering, Dehidrasi",Cool-Shade,High-Stay,Glossy,16000
Implora,Implora Cheek & Liptint Multifungsi,Candy Apple,Lip Tint,"Kering, Dehidrasi",Warm-Shade,High-Stay,Glossy,16000
Implora,Implora Cheek & Liptint Multifungsi,Redwine,Lip Tint,"Kering, Dehidrasi",Cool-Shade,High-Stay,Glossy,16000
Implora,Implora Cheek & Liptint Multifungsi,Cranberry,Lip Tint,"Kering, Dehidrasi",Cool-Shade,High-Stay,Glossy,16000
Implora,Implora Cheek & Liptint Multifungsi,Pumpkin,Lip Tint,"Kering, Dehidrasi",Warm-Shade,High-Stay,Glossy,16000
Implora,Implora Cheek & Liptint Multifungsi,Juicy Juice,Lip Tint,"Kering, Dehidrasi",Cool-Shade,High-Stay,Glossy,16000
Implora,Implora Cheek & Liptint Multifungsi,Waffle Crumble,Lip Tint,"Kering, Dehidrasi","Warm-Shade, Cool-Shade",High-Stay,Glossy,16000
Implora,Implora Cheek & Liptint Multifungsi,Red Velvet,Lip Tint,"Kering, Dehidrasi",Warm-Shade,High-Stay,Glossy,16000
Salsa,Salsa Lip Cream Tahan Lama 12 Warna,Innocent Lady,Lip Cream,Normal,Warm-Shade,High-Stay,Matte,22800
Salsa,Salsa Lip Cream Tahan Lama 12 Warna,Baby Flamingo,Lip Cream,Normal,"Warm-Shade, Neutral-Shade",High-Stay,Matte,22800
Salsa,Salsa Lip Cream Tahan Lama 12 Warna,Pink Champagne,Lip Cream,Normal,Cool-Shade,High-Stay,Matte,22800
Salsa,Salsa Lip Cream Tahan Lama 12 Warna,Angel Crush,Lip Cream,Normal,Neutral-Shade,High-Stay,Matte,22800
Salsa,Salsa Lip Cream Tahan Lama 12 Warna,Cherry Bomb,Lip Cream,Normal,Warm-Shade,High-Stay,Matte,22800
Salsa,Salsa Lip Cream Tahan Lama 12 Warna,Passionate Red,Lip Cream,Normal,Cool-Shade,High-Stay,Matte,22800
Salsa,Salsa Lip Cream Tahan Lama 12 Warna,Pinky Winky,Lip Cream,Normal,"Neutral-Shade, Cool-Shade",High-Stay,Matte,22800
Salsa,Salsa Lip Cream Tahan Lama 12 Warna,Boba Milk,Lip Cream,Normal,"Warm-Shade, Neutral-Shade",High-Stay,Matte,22800
Salsa,Salsa Lip Cream Tahan Lama 12 Warna,Kiss Me,Lip Cream,Normal,Warm-Shade,High-Stay,Matte,22800
Salsa,Salsa Lip Cream Tahan Lama 12 Warna,Sweet Talk,Lip Cream,Normal,Neutral-Shade,High-Stay,Matte,22800
Salsa,Salsa Lip Cream Tahan Lama 12 Warna,Coffee Break,Lip Cream,Normal,Warm-Shade,High-Stay,Matte,22800
Salsa,Salsa Lip Cream Tahan Lama 12 Warna,Juicy Gossip,Lip Cream,Normal,"Warm-Shade, Cool-Shade",High-Stay,Matte,22800
Somethinc,Somethinc Ceraplump Tinted Lip Balm SPF25,Rabbit,Lip Balm,"Kering, Dehidrasi",Warm-Shade,High-Stay,Glossy,75650
Somethinc,Somethinc Ceraplump Tinted Lip Balm SPF25,Sorbet,Lip Balm,"Kering, Dehidrasi",Warm-Shade,High-Stay,Glossy,75650
Somethinc,Somethinc Ceraplump Tinted Lip Balm SPF25,Pecan,Lip Balm,"Kering, Dehidrasi","Neutral-Shade, Warm-Shade",High-Stay,Glossy,75650
Somethinc,Somethinc Ceraplump Tinted Lip Balm SPF25,Lace,Lip Balm,"Kering, Dehidrasi",Warm-Shade,High-Stay,Glossy,75650
Somethinc,Somethinc Ceraplump Tinted Lip Balm SPF25,Sangria,Lip Balm,"Kering, Dehidrasi",Cool-Shade,High-Stay,Glossy,75650
Somethinc,Somethinc Ceraplump Tinted Lip Balm SPF25,Valentine,Lip Balm,"Kering, Dehidrasi","Neutral-Shade, Cool-Shade",High-Stay,Glossy,75650
Somethinc,Somethinc Ceraplump Tinted Lip Balm SPF25,Ballet,Lip Balm,"Kering, Dehidrasi",Warm-Shade,High-Stay,Glossy,75650
Somethinc,Somethinc Ceraplump Tinted Lip Balm SPF25,Ribbon,Lip Balm,"Kering, Dehidrasi","Neutral-Shade, Cool-Shade",High-Stay,Glossy,75650
Somethinc,Somethinc Ceraplump Tinted Lip Balm SPF25,Sakura,Lip Balm,"Kering, Dehidrasi",Cool-Shade,High-Stay,Glossy,75650
Somethinc,Somethinc Ceraplump Tinted Lip Balm SPF25,Walnut,Lip Balm,"Kering, Dehidrasi",Neutral-Shade,High-Stay,Glossy,75650
Somethinc,Somethinc Ceraplump Tinted Lip Balm SPF25,Raisin,Lip Balm,"Kering, Dehidrasi",Neutral-Shade,High-Stay,Glossy,75650
Somethinc,Somethinc Ceraplump Tinted Lip Balm SPF25,Coquette,Lip Balm,"Kering, Dehidrasi","Neutral-Shade, Cool-Shade",High-Stay,Glossy,75650
Somethinc,Somethinc Ceraplump Tinted Lip Balm SPF25,Flirty,Lip Balm,"Kering, Dehidrasi",Neutral-Shade,High-Stay,Glossy,75650
Somethinc,Somethinc Ceraplump Tinted Lip Balm SPF25,Petal,Lip Balm,"Kering, Dehidrasi","Neutral-Shade, Cool-Shade",High-Stay,Glossy,75650
Somethinc,Somethinc Ceraplump Tinted Lip Balm SPF25,Cherry,Lip Balm,"Kering, Dehidrasi",Cool-Shade,High-Stay,Glossy,75650
Viva White,Viva White Moisture Balm Chic On Lips,Orange Blast,Lip Balm,"Kering, Dehidrasi",Neutral Shade,Low-Stay,Glossy,14000
Viva White,Viva White Moisture Balm Chic On Lips,Strawberry Inside,Lip Balm,"Kering, Dehidrasi",Neutral Shade,Low-Stay,Glossy,14000
Viva White,Viva White Moisture Balm Chic On Lips,Aloe Secret,Lip Balm,"Kering, Dehidrasi",Neutral Shade,Low-Stay,Glossy,14000
Dear Me Beauty,Dear Me Beauty Serum Liptint,Dear Anastasia,Lip Tint,"Kering, Dehidrasi",Warm-Shade,High-Stay,Glossy,39200
Dear Me Beauty,Dear Me Beauty Serum Liptint,Dear Vania,Lip Tint,"Kering, Dehidrasi",Cool-Shade,High-Stay,Glossy,39200
Dear Me Beauty,Dear Me Beauty Serum Liptint,Dear Elly,Lip Tint,"Kering, Dehidrasi",Cool-Shade,High-Stay,Glossy,39200
Dear Me Beauty,Dear Me Beauty Serum Liptint,Dear Rissa,Lip Tint,"Kering, Dehidrasi",Cool-Shade,High-Stay,Glossy,39200
Dear Me Beauty,Dear Me Beauty Serum Liptint,Dear Kyla,Lip Tint,"Kering, Dehidrasi","Warm-Shade, Neutral-Shade",High-Stay,Glossy,39200
Dear Me Beauty,Dear Me Beauty Serum Liptint,Dear Elise,Lip Tint,"Kering, Dehidrasi","Neutral-Shade, Cool-Shade",High-Stay,Glossy,39200
Dear Me Beauty,Dear Me Beauty Serum Liptint,Dear Monica,Lip Tint,"Kering, Dehidrasi",Warm-Shade,High-Stay,Glossy,39200
Dear Me Beauty,Dear Me Beauty Serum Liptint,Dear Maudy,Lip Tint,"Kering, Dehidrasi",Warm-Shade,High-Stay,Glossy,39200
Dear Me Beauty,Dear Me Beauty Serum Liptint,Dear Valerie,Lip Tint,"Kering, Dehidrasi",Warm-Shade,High-Stay,Glossy,39200
Dear Me Beauty,Dear Me Beauty Serum Liptint,Dear Vivi,Lip Tint,"Kering, Dehidrasi","Warm-Shade, Neutral-Shade",High-Stay,Glossy,39200
Somethinc,Somethinc Forever Stay Lip Matte Series,Nude,Lip Matte,"Kering, Dehidrasi","Neutral-Shade, Cool-Shade",High-Stay,Matte,76415
Somethinc,Somethinc Forever Stay Lip Matte Series,Frappe,Lip Matte,"Kering, Dehidrasi",Neutral-Shade,High-Stay,Matte,76415
Somethinc,Somethinc Forever Stay Lip Matte Series,Dolce,Lip Matte,"Kering, Dehidrasi",Cool-Shade,High-Stay,Matte,76415
Somethinc,Somethinc Forever Stay Lip Matte Series,Wink,Lip Matte,"Kering, Dehidrasi",Cool-Shade,High-Stay,Matte,76415
Somethinc,Somethinc Forever Stay Lip Matte Series,Lowkey,Lip Matte,"Kering, Dehidrasi","Warm-Shade, Neutral-Shade",High-Stay,Matte,76415
Somethinc,Somethinc Forever Stay Lip Matte Series,Hottie,Lip Matte,"Kering, Dehidrasi",Neutral-Shade,High-Stay,Matte,76415
Somethinc,Somethinc Forever Stay Lip Matte Series,Chili,Lip Matte,"Kering, Dehidrasi",Warm-Shade,High-Stay,Matte,76415
Somethinc,Somethinc Forever Stay Lip Matte Series,GGWP,Lip Matte,"Kering, Dehidrasi",Cool-Shade,High-Stay,Matte,76415
Somethinc,Somethinc Forever Stay Lip Matte Series,XOXO,Lip Matte,"Kering, Dehidrasi",Cool-Shade,High-Stay,Matte,76415
Somethinc,Somethinc Forever Stay Lip Matte Series,Chai,Lip Matte,"Kering, Dehidrasi","Neutral-Shade, Cool-Shade",High-Stay,Matte,76415
Somethinc,Somethinc Forever Stay Lip Matte Series,Cozy,Lip Matte,"Kering, Dehidrasi",Cool-Shade,High-Stay,Matte,76415
Dazzle Me,Dazzle Me Ink-Matte Lip Cream,Lush Ink,Lip Cream,"Kering, Dehidrasi",Warm-Shade,High-Stay,Matte,23900
Dazzle Me,Dazzle Me Ink-Matte Lip Cream,Wonder Ink,Lip Cream,"Kering, Dehidrasi","Neutral-Shade, Cool-Shade",High-Stay,Matte,23900
Dazzle Me,Dazzle Me Ink-Matte Lip Cream,Worth Ink,Lip Cream,"Kering, Dehidrasi","Warm-Shade, Neutral-Shade",High-Stay,Matte,23900
Dazzle Me,Dazzle Me Ink-Matte Lip Cream,Peach Ink,Lip Cream,"Kering, Dehidrasi",Warm-Shade,High-Stay,Matte,23900
Dazzle Me,Dazzle Me Ink-Matte Lip Cream,Joy Ink,Lip Cream,"Kering, Dehidrasi","Warm-Shade, Cool-Shade",High-Stay,Matte,23900
Raecca,Raecca Glow Up Tint Long Lasting,Confident,Lip Tint,"Kering, Dehidrasi",Warm-Shade,High-Stay,Glossy,69900
Raecca,Raecca Glow Up Tint Long Lasting,Brave,Lip Tint,"Kering, Dehidrasi","Warm-Shade, Neutral-Shade",High-Stay,Glossy,69900
Raecca,Raecca Glow Up Tint Long Lasting,Strong,Lip Tint,"Kering, Dehidrasi",Cool-Shade,High-Stay,Glossy,69900
Raecca,Raecca Glow Up Tint Long Lasting,Active,Lip Tint,"Kering, Dehidrasi","Neutral-Shade, Cool-Shade",High-Stay,Glossy,69900
Raecca,Raecca Glow Up Tint Long Lasting,Cheerful,Lip Tint,"Kering, Dehidrasi",Cool-Shade,High-Stay,Glossy,69900
Raecca,Raecca Glow Up Tint Long Lasting,Dynamic,Lip Tint,"Kering, Dehidrasi",Warm-Shade,High-Stay,Glossy,69900
Raecca,Raecca Glow Up Tint Long Lasting,Fancy,Lip Tint,"Kering, Dehidrasi",Warm-Shade,High-Stay,Glossy,69900
Raecca,Raecca Glow Up Tint Long Lasting,Energic,Lip Tint,"Kering, Dehidrasi",Neutral-Shade,High-Stay,Glossy,69900
Raecca,Raecca Glow Up Tint Long Lasting,Gorgeous,Lip Tint,"Kering, Dehidrasi",Cool-Shade,High-Stay,Glossy,69900
Raecca,Raecca Glow Up Tint Long Lasting,Happy,Lip Tint,"Kering, Dehidrasi",Cool-Shade,High-Stay,Glossy,69900
Raecca,Raecca Glow Up Tint Long Lasting,Incredible,Lip Tint,"Kering, Dehidrasi",Warm-Shade,High-Stay,Glossy,69900
Raecca,Raecca Glow Up Tint Long Lasting,Joyful,Lip Tint,"Kering, Dehidrasi",Neutral-Shade,High-Stay,Glossy,69900
Pixy,Pixy Hydra Glass Lip Tint,Toffee Caramel,Lip Tint,"Kering, Dehidrasi",Warm-Shade,High-Stay,Glossy,37050
Pixy,Pixy Hydra Glass Lip Tint,Strawberry Crepe,Lip Tint,"Kering, Dehidrasi",Neutral-Shade,High-Stay,Glossy,37050
Pixy,Pixy Hydra Glass Lip Tint,Pinky Popsicle,Lip Tint,"Kering, Dehidrasi",Cool-Shade,High-Stay,Glossy,37050
Pixy,Pixy Hydra Glass Lip Tint,Fig Shortcake,Lip Tint,"Kering, Dehidrasi",Cool-Shade,High-Stay,Glossy,37050
Pixy,Pixy Hydra Glass Lip Tint,Raspberry Tart,Lip Tint,"Kering, Dehidrasi",Cool-Shade,High-Stay,Glossy,37050
Pixy,Pixy Hydra Glass Lip Tint,Apple Cinnamon,Lip Tint,"Kering, Dehidrasi",Warm-Shade,High-Stay,Glossy,37050
Pixy,Pixy Hydra Glass Lip Tint,Cherry Pie,Lip Tint,"Kering, Dehidrasi","Warm-Shade, Cool-Shade",High-Stay,Glossy,37050
Pixy,Pixy Hydra Glass Lip Tint,Sunshine Sorbet,Lip Tint,"Kering, Dehidrasi",Warm-Shade,High-Stay,Glossy,37050
Somethinc,Somethinc Forever Stay Comfort Lip Glaze,Uno,Lip Tint,"Kering, Dehidrasi",Warm-Shade,High-Stay,Glossy,84150
Somethinc,Somethinc Forever Stay Comfort Lip Glaze,Hustle,Lip Tint,"Kering, Dehidrasi","Warm-Shade, Neutral-Shade",High-Stay,Glossy,84150
Somethinc,Somethinc Forever Stay Comfort Lip Glaze,Treschic,Lip Tint,"Kering, Dehidrasi",Neutral-Shade,High-Stay,Glossy,84150
Somethinc,Somethinc Forever Stay Comfort Lip Glaze,PWR,Lip Tint,"Kering, Dehidrasi",Cool-Shade,High-Stay,Glossy,84150
Somethinc,Somethinc Forever Stay Comfort Lip Glaze,Unreal,Lip Tint,"Kering, Dehidrasi","Neutral-Shade, Cool-Shade",High-Stay,Glossy,84150
Somethinc,Somethinc Forever Stay Comfort Lip Glaze,Mantra,Lip Tint,"Kering, Dehidrasi",Neutral-Shade,High-Stay,Glossy,84150
Somethinc,Somethinc Forever Stay Comfort Lip Glaze,Sassy,Lip Tint,"Kering, Dehidrasi",Cool-Shade,High-Stay,Glossy,84150
Somethinc,Somethinc Forever Stay Comfort Lip Glaze,Notty,Lip Tint,"Kering, Dehidrasi","Warm-Shade, Neutral-Shade",High-Stay,Glossy,84150
Somethinc,Somethinc Forever Stay Comfort Lip Glaze,Selfmade,Lip Tint,"Kering, Dehidrasi","Neutral-Shade, Cool-Shade",High-Stay,Glossy,84150
TimePhoria,TimePhoria Eternal Lip Matte,Trick,Matte Lip Cream,"Normal, Dehidrasi",Warm-Shade,High-Stay,Matte,94050
TimePhoria,TimePhoria Eternal Lip Matte,Hocus,Matte Lip Cream,"Normal, Dehidrasi","Warm-Shade, Neutral-Shade",High-Stay,Matte,94050
TimePhoria,TimePhoria Eternal Lip Matte,Ritual,Matte Lip Cream,"Normal, Dehidrasi",Neutral-Shade,High-Stay,Matte,94050
TimePhoria,TimePhoria Eternal Lip Matte,Charm,Matte Lip Cream,"Normal, Dehidrasi","Neutral-Shade, Warm-Shade",High-Stay,Matte,94050
TimePhoria,TimePhoria Eternal Lip Matte,Arcane,Matte Lip Cream,"Normal, Dehidrasi",Cool-Shade,High-Stay,Matte,94050
TimePhoria,TimePhoria Eternal Lip Matte,Hex,Matte Lip Cream,"Normal, Dehidrasi",Cool-Shade,High-Stay,Matte,94050
TimePhoria,TimePhoria Eternal Lip Matte,Illusion,Matte Lip Cream,"Normal, Dehidrasi",Warm-Shade,High-Stay,Matte,94050
TimePhoria,TimePhoria Eternal Lip Matte,Sun N Moon,Matte Lip Cream,"Normal, Dehidrasi","Warm-Shade, Cool-Shade",High-Stay,Matte,94050
TimePhoria,TimePhoria Eternal Lip Matte,Pocus,Matte Lip Cream,"Normal, Dehidrasi",Cool-Shade,High-Stay,Matte,94050
TimePhoria,TimePhoria Eternal Lip Matte,Love Spell,Matte Lip Cream,"Normal, Dehidrasi",Warm-Shade,High-Stay,Matte,94050
TimePhoria,TimePhoria Eternal Lip Matte,Oracle,Matte Lip Cream,"Normal, Dehidrasi",Cool-Shade,High-Stay,Matte,94050
TimePhoria,TimePhoria Eternal Lip Matte,Twilight,Matte Lip Cream,"Normal, Dehidrasi",Cool-Shade,High-Stay,Matte,94050
Implora,Implora Caffe Matte Lip Cream,Salted Caramel,Lip Cream,"Kering, Dehidrasi",Warm-Shade,High-Stay,Matte,20900
Implora,Implora Caffe Matte Lip Cream,Hazelnut Latte,Lip Cream,"Kering, Dehidrasi","Warm-Shade, Neutral-Shade",High-Stay,Matte,20900
Implora,Implora Caffe Matte Lip Cream,Rose Latte,Lip Cream,"Kering, Dehidrasi","Warm-Shade, Neutral-Shade",High-Stay,Matte,20900
Implora,Implora Caffe Matte Lip Cream,Americano,Lip Cream,"Kering, Dehidrasi",Neutral-Shade,High-Stay,Matte,20900
Implora,Implora Caffe Matte Lip Cream,Cappucino,Lip Cream,"Kering, Dehidrasi",Cool-Shade,High-Stay,Matte,20900
Implora,Implora Caffe Matte Lip Cream,Vanilla Latte,Lip Cream,"Kering, Dehidrasi",Warm-Shade,High-Stay,Matte,20900
Vaseline,Vaseline Lip Therapy 7gr Mini,Rosy Lips,Lip Therapy,"Kering, Dehidrasi","Cool-Shade, Neutral-Shade, Warm-Shade",Low-Stay,Glossy,43500
Vaseline,Vaseline Lip Therapy 7gr Mini,Original,Lip Therapy,"Kering, Dehidrasi","Cool-Shade, Neutral-Shade, Warm-Shade",Low-Stay,Glossy,43500
Vaseline,Vaseline Lip Therapy 7gr Mini,Creme Brulee,Lip Therapy,"Kering, Dehidrasi","Cool-Shade, Neutral-Shade, Warm-Shade",Low-Stay,Glossy,43500
Soulyu,Soulyu Fluffy Haze Lip Velvet 3 ml,Chestnut,Lip Velvet,"Kering, Dehidrasi",Warm-Shade,High-Stay,Satin/Velvet,65550
Soulyu,Soulyu Fluffy Haze Lip Velvet 3 ml,Almond Rose,Lip Velvet,"Kering, Dehidrasi","Warm-Shade, Neutral-Shade",High-Stay,Satin/Velvet,65550
Soulyu,Soulyu Fluffy Haze Lip Velvet 3 ml,Milk Tea,Lip Velvet,"Kering, Dehidrasi",Warm-Shade,High-Stay,Satin/Velvet,65550
Soulyu,Soulyu Fluffy Haze Lip Velvet 3 ml,Mauve Berry,Lip Velvet,"Kering, Dehidrasi",Cool-Shade,High-Stay,Satin/Velvet,65550
Soulyu,Soulyu Fluffy Haze Lip Velvet 3 ml,Pink Punch,Lip Velvet,"Kering, Dehidrasi",Cool-Shade,High-Stay,Satin/Velvet,65550
Soulyu,Soulyu Fluffy Haze Lip Velvet 3 ml,Rum Raisin,Lip Velvet,"Kering, Dehidrasi","Warm-Shade, Cool-Shade",High-Stay,Satin/Velvet,65550
Soulyu,Soulyu Fluffy Haze Lip Velvet 3 ml,Peach Fizz,Lip Velvet,"Kering, Dehidrasi",Warm-Shade,High-Stay,Satin/Velvet,65550
Soulyu,Soulyu Fluffy Haze Lip Velvet 3 ml,Caramel,Lip Velvet,"Kering, Dehidrasi",Warm-Shade,High-Stay,Satin/Velvet,65550
Soulyu,Soulyu Fluffy Haze Lip Velvet 3 ml,Pink Slush,Lip Velvet,"Kering, Dehidrasi",Cool-Shade,High-Stay,Satin/Velvet,65550
Soulyu,Soulyu Fluffy Haze Lip Velvet 3 ml,Rose Petal,Lip Velvet,"Kering, Dehidrasi","Neutral-Shade, Cool-Shade",High-Stay,Satin/Velvet,65550
Soulyu,Soulyu Fluffy Haze Lip Velvet 3 ml,Burgundy,Lip Velvet,"Kering, Dehidrasi",Cool-Shade,High-Stay,Satin/Velvet,65550
Soulyu,Soulyu Fluffy Haze Lip Velvet 3 ml,Red Cherry,Lip Velvet,"Kering, Dehidrasi",Cool-Shade,High-Stay,Satin/Velvet,65550
TimePhoria,TimePhoria Lunara Frost Lip Gloss,Artemis,Lip Gloss,"Kering, Dehidrasi",Cool-Shade,Low-Stay,Glossy,94050
TimePhoria,TimePhoria Lunara Frost Lip Gloss,Celesta,Lip Gloss,"Kering, Dehidrasi",Neutral-Shade,Low-Stay,Glossy,94050
TimePhoria,TimePhoria Lunara Frost Lip Gloss,Dunara,Lip Gloss,"Kering, Dehidrasi",Warm-Shade,Low-Stay,Glossy,94050
TimePhoria,TimePhoria Lunara Frost Lip Gloss,Mirelle,Lip Gloss,"Kering, Dehidrasi","Warm-Shade, Neutral-Shade",Low-Stay,Glossy,94050
TimePhoria,TimePhoria Lunara Frost Lip Gloss,Mauvilia,Lip Gloss,"Kering, Dehidrasi","Cool-Shade, Neutral-Shade",Low-Stay,Glossy,94050
Pinkflash,Pinkflash Hydrating lip Gloss PF-L34,Nectar Glaze,Lip Gloss,"Kering, Normal, Dehidrasi","Warm-Shade, Neutral-Shade",Low-Stay,Glossy,15900
Pinkflash,Pinkflash Hydrating lip Gloss PF-L34,Rosy Drip,Lip Gloss,"Kering, Normal, Dehidrasi","Warm-Shade, Neutral-Shade",Low-Stay,Glossy,15900
Pinkflash,Pinkflash Hydrating lip Gloss PF-L34,Bubblegum Fizz,Lip Gloss,"Kering, Normal, Dehidrasi",Cool-Shade,Low-Stay,Glossy,15900
Pinkflash,Pinkflash Hydrating lip Gloss PF-L34,Crystal Clear,Lip Gloss,"Kering, Normal, Dehidrasi","Warm-Shade, Cool-Shade, Neutral-Shade",Low-Stay,Glossy,15900
Pinkflash,Pinkflash Hydrating lip Gloss PF-L34,Twinkle Pop,Lip Gloss,"Kering, Normal, Dehidrasi",Warm-Shade,Low-Stay,Glossy,15900
Implora,Implora Day To Day Lip Bullet,Intention,Lip Bullet,"Kering, Normal, Dehidrasi",Warm-Shade,Low-Stay,Matte,17425
Implora,Implora Day To Day Lip Bullet,Habitual,Lip Bullet,"Kering, Normal, Dehidrasi",Neutral-Shade,Low-Stay,Matte,17425
Implora,Implora Day To Day Lip Bullet,Extraordinary,Lip Bullet,"Kering, Normal, Dehidrasi","Warm-Shade, Neutral-Shade",Low-Stay,Matte,17425
Implora,Implora Day To Day Lip Bullet,Attention,Lip Bullet,"Kering, Normal, Dehidrasi",Warm-Shade,Low-Stay,Matte,17425
Implora,Implora Day To Day Lip Bullet,At Night,Lip Bullet,"Kering, Normal, Dehidrasi","Neutral-Shade, Warm-Shade",Low-Stay,Matte,17425
Nivea,Nivea Lip Balm Stick 24h melt-in moisture,Original Care,Lip Balm,"Kering, Normal, Dehidrasi","Cool-Shade, Neutral-Shade",Low-Stay,Glossy,35100
Nivea,Nivea Lip Balm Stick 24h melt-in moisture,Strawberry Shine,Lip Balm,"Kering, Normal, Dehidrasi","Cool-Shade, Neutral-Shade",Low-Stay,Glossy,35100
Nivea,Nivea Lip Balm Stick 24h melt-in moisture,Watermelon Shine,Lip Balm,"Kering, Normal, Dehidrasi","Cool-Shade, Neutral-Shade",Low-Stay,Glossy,35100
Buttered,Buttered Premium Lip Balm SPF15,Iced Pear,Lip Balm,"Kering, Normal, Dehidrasi","Warm-Shade, Cool-Shade, Neutral-Shade",Low-Stay,Glossy,34310
Buttered,Buttered Premium Lip Balm SPF15,Peach Apricot,Lip Balm,"Kering, Normal, Dehidrasi","Warm-Shade, Cool-Shade, Neutral-Shade",Low-Stay,Glossy,34310
Buttered,Buttered Premium Lip Balm SPF15,Candy Cane,Lip Balm,"Kering, Normal, Dehidrasi","Warm-Shade, Cool-Shade, Neutral-Shade",Low-Stay,Glossy,34310
Buttered,Buttered Premium Lip Balm SPF15,Cherry,Lip Balm,"Kering, Normal, Dehidrasi","Warm-Shade, Cool-Shade, Neutral-Shade",Low-Stay,Glossy,34310
Buttered,Buttered Premium Lip Balm SPF15,Peppermint,Lip Balm,"Kering, Normal, Dehidrasi","Warm-Shade, Cool-Shade, Neutral-Shade",Low-Stay,Glossy,34310
Buttered,Buttered Premium Lip Balm SPF15,Coconut,Lip Balm,"Kering, Normal, Dehidrasi","Warm-Shade, Cool-Shade, Neutral-Shade",Low-Stay,Glossy,34310
Buttered,Buttered Premium Lip Balm SPF15,Strawberry,Lip Balm,"Kering, Normal, Dehidrasi","Warm-Shade, Cool-Shade, Neutral-Shade",Low-Stay,Glossy,34310
Buttered,Buttered Premium Lip Balm SPF15,Vanilla,Lip Balm,"Kering, Normal, Dehidrasi","Warm-Shade, Cool-Shade, Neutral-Shade",Low-Stay,Glossy,34310
Buttered,Buttered Premium Lip Balm SPF15,Watermelon,Lip Balm,"Kering, Normal, Dehidrasi","Warm-Shade, Cool-Shade, Neutral-Shade",Low-Stay,Glossy,34310
Buttered,Buttered Premium Lip Balm SPF15,Unscented,Lip Balm,"Kering, Normal, Dehidrasi","Warm-Shade, Cool-Shade, Neutral-Shade",Low-Stay,Glossy,34310
Buttered,Buttered Premium Lip Balm SPF15,Lychee,Lip Balm,"Kering, Normal, Dehidrasi","Warm-Shade, Cool-Shade, Neutral-Shade",Low-Stay,Glossy,34310
Buttered,Buttered Premium Lip Balm SPF15,Guava,Lip Balm,"Kering, Normal, Dehidrasi","Warm-Shade, Cool-Shade, Neutral-Shade",Low-Stay,Glossy,34310
Buttered,Buttered Premium Lip Balm SPF15,Melon,Lip Balm,"Kering, Normal, Dehidrasi","Warm-Shade, Cool-Shade, Neutral-Shade",Low-Stay,Glossy,34310
Amaterasun,Amaterasun Lip Balm SPF 20 PA+++,,Lip Balm,"Kering, Normal, Dehidrasi","Warm-Shade, Cool-Shade, Neutral-Shade",Low-Stay,Glossy,35100
Saniye,Saniye Water Color Lip Gloss,#01,Lip Gloss,"Kering, Normal, Dehidrasi",Neutral-Shade,Low-Stay,Glossy,23655
Saniye,Saniye Water Color Lip Gloss,#02,Lip Gloss,"Kering, Normal, Dehidrasi",Warm-Shade,Low-Stay,Glossy,23655
Saniye,Saniye Water Color Lip Gloss,#03,Lip Gloss,"Kering, Normal, Dehidrasi",Cool-Shade,Low-Stay,Glossy,23655
Saniye,Saniye Water Color Lip Gloss,#05,Lip Gloss,"Kering, Normal, Dehidrasi",Warm-Shade,Low-Stay,Glossy,23655
Saniye,Saniye Water Color Lip Gloss,#06,Lip Gloss,"Kering, Normal, Dehidrasi","Warm-Shade, Neutral-Shade",Low-Stay,Glossy,23655
Saniye,Saniye Water Color Lip Gloss,#07,Lip Gloss,"Kering, Normal, Dehidrasi","Neutral-Shade, Warm-Shade",Low-Stay,Glossy,23655
Dazzle Me,DAZZLE ME Ink-Gloss Lip Tint,Allure-Ink,Lip Tint,"Kering, Dehidrasi",Cool-Shade,High-Stay,Glossy,23900
Dazzle Me,DAZZLE ME Ink-Gloss Lip Tint,Femme-Ink,Lip Tint,"Kering, Dehidrasi","Neutral-Shade, Cool-Shade",High-Stay,Glossy,23900
Dazzle Me,DAZZLE ME Ink-Gloss Lip Tint,Toasty-Ink,Lip Tint,"Kering, Dehidrasi","Warm-Shade, Neutral-Shade",High-Stay,Glossy,23900
Dazzle Me,DAZZLE ME Ink-Gloss Lip Tint,Fresh-Ink,Lip Tint,"Kering, Dehidrasi",Warm-Shade,High-Stay,Glossy,23900
Dazzle Me,DAZZLE ME Ink-Gloss Lip Tint,Amber-Ink,Lip Tint,"Kering, Dehidrasi",Warm-Shade,High-Stay,Glossy,23900
Dear Me Beauty,Dear Me Beauty Hypergloss Lip Balm,Dear Rene,Lip Balm,"Kering, Normal, Dehidrasi",Warm-Shade,Low-Stay,Glossy,71200
Dear Me Beauty,Dear Me Beauty Hypergloss Lip Balm,Dear Lala,Lip Balm,"Kering, Normal, Dehidrasi","Warm-Shade, Cool-Shade",Low-Stay,Glossy,71200
Dear Me Beauty,Dear Me Beauty Hypergloss Lip Balm,Dear Lia,Lip Balm,"Kering, Normal, Dehidrasi","Neutral-Shade, Cool-Shade",Low-Stay,Glossy,71200
Dear Me Beauty,Dear Me Beauty Hypergloss Lip Balm,Dear Winna,Lip Balm,"Kering, Normal, Dehidrasi",Warm-Shade,Low-Stay,Glossy,71200
Dear Me Beauty,Dear Me Beauty Hypergloss Lip Balm,Dear Sonya,Lip Balm,"Kering, Normal, Dehidrasi",Cool-Shade,Low-Stay,Glossy,71200
BNB Barenbliss,BNB Barenbliss Cherry Makes Cheerful Lip Velvet korea Lipcream,Rosewood Dream,Lip Cream,"Kering, Normal, Dehidrasi","Neutral-Shade, Cool-Shade",High-Stay,Satin/Velvet,75900
BNB Barenbliss,BNB Barenbliss Cherry Makes Cheerful Lip Velvet korea Lipcream,Cherish Delight,Lip Cream,"Kering, Normal, Dehidrasi",Cool-Shade,High-Stay,Satin/Velvet,75900
BNB Barenbliss,BNB Barenbliss Cherry Makes Cheerful Lip Velvet korea Lipcream,Wine Thrill,Lip Cream,"Kering, Normal, Dehidrasi",Cool-Shade,High-Stay,Satin/Velvet,75900
BNB Barenbliss,BNB Barenbliss Cherry Makes Cheerful Lip Velvet korea Lipcream,Autumn Walk,Lip Cream,"Kering, Normal, Dehidrasi",Warm-Shade,High-Stay,Satin/Velvet,75900
BNB Barenbliss,BNB Barenbliss Cherry Makes Cheerful Lip Velvet korea Lipcream,Summer Sunset,Lip Cream,"Kering, Normal, Dehidrasi",Warm-Shade,High-Stay,Satin/Velvet,75900
BNB Barenbliss,BNB Barenbliss Cherry Makes Cheerful Lip Velvet korea Lipcream,Blushed Moment,Lip Cream,"Kering, Normal, Dehidrasi","Cool-Shade, Neutral-Shade",High-Stay,Satin/Velvet,75900
BNB Barenbliss,BNB Barenbliss Cherry Makes Cheerful Lip Velvet korea Lipcream,Choco Sense,Lip Cream,"Kering, Normal, Dehidrasi",Neutral-Shade,High-Stay,Satin/Velvet,75900
BNB Barenbliss,BNB Barenbliss Cherry Makes Cheerful Lip Velvet korea Lipcream,Peony Crush,Lip Cream,"Kering, Normal, Dehidrasi",Cool-Shade,High-Stay,Satin/Velvet,75900
BNB Barenbliss,BNB Barenbliss Cherry Makes Cheerful Lip Velvet korea Lipcream,Marsala Bliss,Lip Cream,"Kering, Normal, Dehidrasi",Warm-Shade,High-Stay,Satin/Velvet,75900
BNB Barenbliss,BNB Barenbliss Cherry Makes Cheerful Lip Velvet korea Lipcream,Pumpkin Bite,Lip Cream,"Kering, Normal, Dehidrasi",Warm-Shade,High-Stay,Satin/Velvet,75900
BNB Barenbliss,BNB Barenbliss Cherry Makes Cheerful Lip Velvet korea Lipcream,Beige Sunrise,Lip Cream,"Kering, Normal, Dehidrasi","Warm-Shade, Neutral-Shade",High-Stay,Satin/Velvet,75900
BNB Barenbliss,BNB Barenbliss Cherry Makes Cheerful Lip Velvet korea Lipcream,Coral Bloom,Lip Cream,"Kering, Normal, Dehidrasi",Warm-Shade,High-Stay,Satin/Velvet,75900
BNB Barenbliss,BNB Barenbliss Cherry Makes Cheerful Lip Velvet korea Lipcream,Latte Muse,Lip Cream,"Kering, Normal, Dehidrasi","Warm-Shade, Neutral-Shade",High-Stay,Satin/Velvet,75900
BNB Barenbliss,BNB Barenbliss Cherry Makes Cheerful Lip Velvet korea Lipcream,Amber Flare,Lip Cream,"Kering, Normal, Dehidrasi",Warm-Shade,High-Stay,Satin/Velvet,75900
Hanasui,Hydrate Hanasui Mattedorable Lipstick - Anti Geser !,Cinnamon,Lipstick,"Kering, Dehidrasi",Warm-Shade,High-Stay,Matte,31000
Hanasui,Hydrate Hanasui Mattedorable Lipstick - Anti Geser !,Peony,Lipstick,"Kering, Dehidrasi","Neutral-Shade, Warm-Shade",High-Stay,Matte,31000
Hanasui,Hydrate Hanasui Mattedorable Lipstick - Anti Geser !,Tropical,Lipstick,"Kering, Dehidrasi",Warm-Shade,High-Stay,Matte,31000
Hanasui,Hydrate Hanasui Mattedorable Lipstick - Anti Geser !,Noona,Lipstick,"Kering, Dehidrasi",Cool-Shade,High-Stay,Matte,31000
Hanasui,Hydrate Hanasui Mattedorable Lipstick - Anti Geser !,Pop,Lipstick,"Kering, Dehidrasi",Cool-Shade,High-Stay,Matte,31000
Hanasui,Hydrate Hanasui Mattedorable Lipstick - Anti Geser !,Superstar,Lipstick,"Kering, Dehidrasi",Warm-Shade,High-Stay,Matte,31000
Skintific,Skintific Bright Lip Serum 6.5ml,Peptide Bright,Lip Serum,"Kering, Dehidrasi",Neutral-Shade,Low-Stay,Glossy,104396
Skintific,Skintific Bright Lip Serum 6.5ml,Peach Rose,Lip Serum,"Kering, Dehidrasi",Warm-Shade,Low-Stay,Glossy,104396
Skintific,Skintific Bright Lip Serum 6.5ml,Pink Berry,Lip Serum,"Kering, Dehidrasi",Cool-Shade,Low-Stay,Glossy,104396
Skintific,Skintific Bright Lip Serum 6.5ml,Cherry Red,Lip Serum,"Kering, Dehidrasi","Warm-Shade, Neutral-Shade",Low-Stay,Glossy,104396
Vaseline,Vaseline Lip Therapy Balm Stick,Original,Lip Balm,"Kering, Normal, Dehidrasi","Warm-Shade, Cool-Shade, Neutral-Shade",Low-Stay,Glossy,30900
Vaseline,Vaseline Lip Therapy Balm Stick,Aloe Vera,Lip Balm,"Kering, Normal, Dehidrasi","Warm-Shade, Cool-Shade, Neutral-Shade",Low-Stay,Glossy,30900
Vaseline,Vaseline Lip Therapy Balm Stick,Cocoa Butter,Lip Balm,"Kering, Normal, Dehidrasi",Warm-Shade,Low-Stay,Glossy,30900
Vaseline,Vaseline Lip Therapy Balm Stick,Rosy Lips,Lip Balm,"Kering, Normal, Dehidrasi","Cool-Shade, Neutral-Shade",Low-Stay,Glossy,30900
Vaseline,Vaseline Lip Therapy Balm Stick,Cherry,Lip Balm,"Kering, Normal, Dehidrasi","Cool-Shade, Neutral-Shade",Low-Stay,Glossy,30900
Vaseline,Vaseline Lip Care Colour + Care Tinted Lip Balm,Blooming Pink,Lip Care,"Kering, Dehidrasi",Cool-Shade,Low-Stay,Glossy,30900
Vaseline,Vaseline Lip Care Colour + Care Tinted Lip Balm,Kissing Red,Lip Care,"Kering, Dehidrasi",Cool-Shade,Low-Stay,Glossy,30900
Vaseline,Vaseline Lip Care Colour + Care Tinted Lip Balm,Mellow Rose,Lip Care,"Kering, Dehidrasi","Neutral-Shade, Warm-Shade",Low-Stay,Glossy,30900
Implora,Implora Day To Day Lite Matte Lip Cream,Uplifted,Lip Cream,"Kering, Dehidrasi","Neutral-Shade, Cool-Shade",High-Stay,Matte,18700
Implora,Implora Day To Day Lite Matte Lip Cream,Cherish,Lip Cream,"Kering, Dehidrasi",Cool-Shade,High-Stay,Matte,18700
Implora,Implora Day To Day Lite Matte Lip Cream,Passionate,Lip Cream,"Kering, Dehidrasi",Cool-Shade,High-Stay,Matte,18700
Implora,Implora Day To Day Lite Matte Lip Cream,Humble,Lip Cream,"Kering, Dehidrasi",Warm-Shade,High-Stay,Matte,18700
Implora,Implora Day To Day Lite Matte Lip Cream,Ambition,Lip Cream,"Kering, Dehidrasi",Cool-Shade,High-Stay,Matte,18700
Implora,Implora Day To Day Lite Matte Lip Cream,Attitude,Lip Cream,"Kering, Dehidrasi","Neutral-Shade, Warm-Shade",High-Stay,Matte,18700
Azarine,Azarine Glowkiss Sunscreen Lip Balm 3gr,Sunny Dewy,Lip Balm,"Kering, Normal, Dehidrasi","Warm-Shade, Neutral-Shade",Low-Stay,Glossy,63050
Azarine,Azarine Glowkiss Sunscreen Lip Balm 3gr,Toasted Bliss,Lip Balm,"Kering, Normal, Dehidrasi",Warm-Shade,Low-Stay,Glossy,63050
Azarine,Azarine Glowkiss Sunscreen Lip Balm 3gr,Nectar Glow,Lip Balm,"Kering, Normal, Dehidrasi","Warm-Shade, Neutral-Shade",Low-Stay,Glossy,63050
Azarine,Azarine Glowkiss Sunscreen Lip Balm 3gr,Rosy Blush,Lip Balm,"Kering, Normal, Dehidrasi","Neutral-Shade, Cool-Shade",Low-Stay,Glossy,63050
Azarine,Azarine Glowkiss Sunscreen Lip Balm 3gr,Berry Pop,Lip Balm,"Kering, Normal, Dehidrasi","Neutral-Shade, Cool-Shade",Low-Stay,Glossy,63050
BNB Barenbliss,BNB Barenbliss Aura Mood Vinyl & Matte Lip Cream,Enchanting Garden,Lip Cream Vinyl,"Kering, Dehidrasi",Neutral-Shade,High-Stay,Matte,82900
BNB Barenbliss,BNB Barenbliss Aura Mood Vinyl & Matte Lip Cream,Movie Night,Lip Cream Vinyl,"Kering, Dehidrasi",Warm-Shade,High-Stay,Glossy,82900
BNB Barenbliss,BNB Barenbliss Aura Mood Vinyl & Matte Lip Cream,First Meet,Lip Cream Vinyl,"Kering, Dehidrasi",Cool-Shade,High-Stay,Glossy,82900
BNB Barenbliss,BNB Barenbliss Aura Mood Vinyl & Matte Lip Cream,Silent Touch,Lip Cream Vinyl,"Kering, Dehidrasi",Warm-Shade,High-Stay,Glossy,82900
BNB Barenbliss,BNB Barenbliss Aura Mood Vinyl & Matte Lip Cream,Midlight Talk,Lip Cream Vinyl,"Kering, Dehidrasi",Cool-Shade,High-Stay,Glossy,82900
BNB Barenbliss,BNB Barenbliss Aura Mood Vinyl & Matte Lip Cream,Cute Smile,Lip Cream Vinyl,"Kering, Dehidrasi","Warm-Shade, Neutral-Shade",High-Stay,Glossy,82900
BNB Barenbliss,BNB Barenbliss Aura Mood Vinyl & Matte Lip Cream,Second Date,Lip Cream Vinyl,"Kering, Dehidrasi","Warm-Shade, Neutral-Shade",High-Stay,Glossy,82900
BNB Barenbliss,BNB Barenbliss Aura Mood Vinyl & Matte Lip Cream,Starry Night,Lip Cream Vinyl,"Kering, Dehidrasi",Neutral-Shade,High-Stay,Matte,82900
BNB Barenbliss,BNB Barenbliss Aura Mood Vinyl & Matte Lip Cream,Whisper Willow,Lip Cream Vinyl,"Kering, Dehidrasi",Warm-Shade,High-Stay,Matte,82900
BNB Barenbliss,BNB Barenbliss Aura Mood Vinyl & Matte Lip Cream,Twilight Tale,Lip Cream Vinyl,"Kering, Dehidrasi","Warm-Shade, Neutral-Shade",High-Stay,Matte,82900
BNB Barenbliss,BNB Barenbliss Aura Mood Vinyl & Matte Lip Cream,Moonlit Spark,Lip Cream Vinyl,"Kering, Dehidrasi","Warm-Shade, Neutral-Shade",High-Stay,Matte,82900
BNB Barenbliss,BNB Barenbliss Aura Mood Vinyl & Matte Lip Cream,Misty Dusk,Lip Cream Vinyl,"Kering, Dehidrasi","Neutral-Shade, Cool-Shade",High-Stay,Matte,82900
Implora,Implora Day to Day Series Dewy Tint,Grateful,Lip Tint,"Kering, Dehidrasi",Warm-Shade,High-Stay,Glossy,17425
Implora,Implora Day to Day Series Dewy Tint,Bliss,Lip Tint,"Kering, Dehidrasi",Warm-Shade,High-Stay,Glossy,17425
Implora,Implora Day to Day Series Dewy Tint,Growth,Lip Tint,"Kering, Dehidrasi",Cool-Shade,High-Stay,Glossy,17425
Implora,Implora Day to Day Series Dewy Tint,Lively,Lip Tint,"Kering, Dehidrasi",Warm-Shade,High-Stay,Glossy,17425
Implora,Implora Day to Day Series Dewy Tint,Wise,Lip Tint,"Kering, Dehidrasi",Cool-Shade,High-Stay,Glossy,17425
Implora,Implora Day to Day Series Dewy Tint,Empower,Lip Tint,"Kering, Dehidrasi",Warm-Shade,High-Stay,Glossy,17425
Implora,Implora Day to Day Series Dewy Tint,Dreamer,Lip Tint,"Kering, Dehidrasi",Warm-Shade,High-Stay,Glossy,17425
Implora,Implora Day to Day Series Dewy Tint,Adventure,Lip Tint,"Kering, Dehidrasi",Warm-Shade,High-Stay,Glossy,17425
Implora,Implora Day to Day Series Dewy Tint,Spirit,Lip Tint,"Kering, Dehidrasi",Cool-Shade,High-Stay,Glossy,17425
Implora,Implora Day to Day Series Dewy Tint,Unstoppable,Lip Tint,"Kering, Dehidrasi",Cool-Shade,High-Stay,Glossy,17425
Madame Gie,Madame Gie Madame LiPill | Lip Tint,Butterscotch,Lip Tint,"Kering, Dehidrasi",Warm-Shade,High-Stay,Glossy,21500
Madame Gie,Madame Gie Madame LiPill | Lip Tint,Cotton Candy,Lip Tint,"Kering, Dehidrasi",Warm-Shade,High-Stay,Glossy,21500
Madame Gie,Madame Gie Madame LiPill | Lip Tint,Mulberry Cane,Lip Tint,"Kering, Dehidrasi",Cool-Shade,High-Stay,Glossy,21500
Madame Gie,Madame Gie Madame LiPill | Lip Tint,Sweet Cherry,Lip Tint,"Kering, Dehidrasi","Neutral-Shade, Cool-Shade",High-Stay,Glossy,21500
Madame Gie,Madame Gie Madame LiPill | Lip Tint,Berry Jam,Lip Tint,"Kering, Dehidrasi",Cool-Shade,High-Stay,Glossy,21500
Dazzle Me,Dazzle Me Ink Vinyl Lip Lacquer,Power Ink,Lip Vinyl,"Kering, Dehidrasi",Warm-Shade,High-Stay,Glossy,39900
Dazzle Me,Dazzle Me Ink Vinyl Lip Lacquer,Icon Ink,Lip Vinyl,"Kering, Dehidrasi",Warm-Shade,High-Stay,Glossy,39900
Dazzle Me,Dazzle Me Ink Vinyl Lip Lacquer,Magic Ink,Lip Vinyl,"Kering, Dehidrasi",Cool-Shade,High-Stay,Glossy,39900
Dazzle Me,Dazzle Me Ink Vinyl Lip Lacquer,Famous Ink,Lip Vinyl,"Kering, Dehidrasi","Warm-Shade, Neutral-Shade",High-Stay,Glossy,39900
Dazzle Me,Dazzle Me Ink Vinyl Lip Lacquer,Posh Ink,Lip Vinyl,"Kering, Dehidrasi",Warm-Shade,High-Stay,Glossy,39900
Vaseline,Vaseline Lip Balm 10gr,,Lip Balm,"Kering, Normal, Dehidrasi","Neutral-Shade, Cool-Shade",Low-Stay,Glossy,32300
Salsa,Salsa Tinted Lip Glow Serum,Twilight,Lip Serum,"Kering, Dehidrasi",Cool-Shade,Low-Stay,Glossy,19800
Salsa,Salsa Tinted Lip Glow Serum,Coral Nude,Lip Serum,"Kering, Dehidrasi",Warm-Shade,Low-Stay,Glossy,19800
Salsa,Salsa Tinted Lip Glow Serum,Original,Lip Serum,"Kering, Dehidrasi","Cool-Shade, Neutral-Shade",Low-Stay,Glossy,19800
Kaila Beaute,Kaila Beaute Let's Gloss Lip,Cupcake,Lip Gloss,"Kering, Dehidrasi",Cool-Shade,High-Stay,Glossy,70650
Kaila Beaute,Kaila Beaute Let's Gloss Lip,Gelato,Lip Gloss,"Kering, Dehidrasi",Cool-Shade,High-Stay,Glossy,70650
Kaila Beaute,Kaila Beaute Let's Gloss Lip,Popcorn,Lip Gloss,"Kering, Dehidrasi","Warm-Shade, Neutral-Shade",High-Stay,Glossy,70650
Kaila Beaute,Kaila Beaute Let's Gloss Lip,Sandwich,Lip Gloss,"Kering, Dehidrasi",Warm-Shade,High-Stay,Glossy,70650
Kaila Beaute,Kaila Beaute Let's Gloss Lip,Waffle,Lip Gloss,"Kering, Dehidrasi","Warm-Shade, Neutral-Shade",High-Stay,Glossy,70650
YOU,You Cloud Paint Lip Cream Series,Whisper,Lip Cream,"Kering, Dehidrasi","Warm-Shade, Neutral-Shade",High-Stay,Matte,64900
YOU,You Cloud Paint Lip Cream Series,Allure,Lip Cream,"Kering, Dehidrasi",Cool-Shade,High-Stay,Matte,64900
YOU,You Cloud Paint Lip Cream Series,Passion,Lip Cream,"Kering, Dehidrasi",Cool-Shade,High-Stay,Matte,64900
YOU,You Cloud Paint Lip Cream Series,Kindness,Lip Cream,"Kering, Dehidrasi","Neutral-Shade, Cool-Shade",High-Stay,Matte,64900
YOU,You Cloud Paint Lip Cream Series,Alert,Lip Cream,"Kering, Dehidrasi","Warm-Shade, Cool-Shade",High-Stay,Matte,64900
YOU,You Cloud Paint Lip Cream Series,Dashing,Lip Cream,"Kering, Dehidrasi","Warm-Shade, Neutral-Shade",High-Stay,Matte,64900
Pigeon Teens,Pigeon Teens Kiss On The Go Lip Serum,,Lip Serum,"Kering, Dehidrasi","Neutral-Shade, Cool-Shade",Low-Stay,Glossy,34500
Emina,Emina Hyalupeptide Color Melt Balm,Peach Pop,Lip Balm,"Kering, Normal, Dehidrasi",Warm-Shade,Low-Stay,Glossy,58900
Emina,Emina Hyalupeptide Color Melt Balm,Never Too Pink,Lip Balm,"Kering, Normal, Dehidrasi",Cool-Shade,Low-Stay,Glossy,58900
Emina,Emina Hyalupeptide Color Melt Balm,Sunset Mixtape,Lip Balm,"Kering, Normal, Dehidrasi",Warm-Shade,Low-Stay,Glossy,58900
Emina,Emina Hyalupeptide Color Melt Balm,Trululu Crimson,Lip Balm,"Kering, Normal, Dehidrasi",Cool-Shade,Low-Stay,Glossy,58900
Soulyu,Soulyu Intense Stay Lip Stain 4ml,Passion,Lip Stain,"Kering, Dehidrasi","Neutral-Shade, Cool-Shade",High-Stay,Glossy,65550
Soulyu,Soulyu Intense Stay Lip Stain 4ml,Dreamer,Lip Stain,"Kering, Dehidrasi",Warm-Shade,High-Stay,Glossy,65550
Soulyu,Soulyu Intense Stay Lip Stain 4ml,Courage,Lip Stain,"Kering, Dehidrasi",Neutral-Shade,High-Stay,Glossy,65550
Soulyu,Soulyu Intense Stay Lip Stain 4ml,Trust,Lip Stain,"Kering, Dehidrasi","Warm-Shade, Neutral-Shade",High-Stay,Glossy,65550
Soulyu,Soulyu Intense Stay Lip Stain 4ml,Honesty,Lip Stain,"Kering, Dehidrasi",Warm-Shade,High-Stay,Glossy,65550
Soulyu,Soulyu Intense Stay Lip Stain 4ml,Exposed,Lip Stain,"Kering, Dehidrasi","Neutral-Shade, Cool-Shade",High-Stay,Glossy,65550
Soulyu,Soulyu Intense Stay Lip Stain 4ml,Poised,Lip Stain,"Kering, Dehidrasi","Warm-Shade, Neutral-Shade",High-Stay,Glossy,65550
Soulyu,Soulyu Intense Stay Lip Stain 4ml,Revealed,Lip Stain,"Kering, Dehidrasi",Warm-Shade,High-Stay,Glossy,65550
Soulyu,Soulyu Intense Stay Lip Stain 4ml,Plush,Lip Stain,"Kering, Dehidrasi",Cool-Shade,High-Stay,Glossy,65550
Soulyu,Soulyu Intense Stay Lip Stain 4ml,Joy,Lip Stain,"Kering, Dehidrasi","Warm-Shade, Neutral-Shade",High-Stay,Glossy,65550
Soulyu,Soulyu Intense Stay Lip Stain 4ml,Allure,Lip Stain,"Kering, Dehidrasi","Warm-Shade, Neutral-Shade",High-Stay,Glossy,65550
Soulyu,Soulyu Intense Stay Lip Stain 4ml,Fearless,Lip Stain,"Kering, Dehidrasi",Warm-Shade,High-Stay,Glossy,65550
Red A,Red A Lip Glo Color Balm,Sparkling Rose,Lip Balm,"Kering, Normal, Dehidrasi","Warm-Shade, Neutral-Shade",Low-Stay,Glossy,59400
Red A,Red A Lip Glo Color Balm,Choco Float,Lip Balm,"Kering, Normal, Dehidrasi",Warm-Shade,Low-Stay,Glossy,59400
Red A,Red A Lip Glo Color Balm,Purple Punch,Lip Balm,"Kering, Normal, Dehidrasi",Cool-Shade,Low-Stay,Glossy,59400
Red A,Red A Lip Glo Color Balm,Red Mojito,Lip Balm,"Kering, Normal, Dehidrasi","Warm-Shade, Neutral-Shade",Low-Stay,Glossy,59400
Red A,Red A Lip Glo Color Balm,Peach Slush,Lip Balm,"Kering, Normal, Dehidrasi","Neutral-Shade, Cool-Shade",Low-Stay,Glossy,59400
Red A,Red A Lip Glo Color Balm,Pink Smoothie,Lip Balm,"Kering, Normal, Dehidrasi",Cool-Shade,Low-Stay,Glossy,59400
BNB Barenbliss,BNB Barenbliss Butter Melt Tinted Lipstick Series,Eclair Berry,Tinted Lipstick,"Kering, Dehidrasi","Warm-Shade, Neutral-Shade",High-Stay,Glossy,92900
BNB Barenbliss,BNB Barenbliss Butter Melt Tinted Lipstick Series,Caramel Swirl,Tinted Lipstick,"Kering, Dehidrasi",Cool-Shade,High-Stay,Glossy,92900
BNB Barenbliss,BNB Barenbliss Butter Melt Tinted Lipstick Series,Sweet Custard,Tinted Lipstick,"Kering, Dehidrasi","Cool-Shade, Neutral-Shade",High-Stay,Glossy,92900
BNB Barenbliss,BNB Barenbliss Butter Melt Tinted Lipstick Series,Butterscotch Bliss,Tinted Lipstick,"Kering, Dehidrasi",Warm-Shade,High-Stay,Glossy,92900
BNB Barenbliss,BNB Barenbliss Butter Melt Tinted Lipstick Series,Cinnamon Butter,Tinted Lipstick,"Kering, Dehidrasi",Cool-Shade,High-Stay,Glossy,92900
BNB Barenbliss,BNB Barenbliss Butter Melt Tinted Lipstick Series,Cream Puff,Tinted Lipstick,"Kering, Dehidrasi","Cool-Shade, Neutral-Shade",High-Stay,Glossy,92900
Dazzle Me,Dazzle Me Color Chrome Lip Matte,Classy Red,Lip Cream,"Kering, Dehidrasi","Neutral-Shade, Cool-Shade",High-Stay,Matte,39900
Dazzle Me,Dazzle Me Color Chrome Lip Matte,Cerisse Cannon,Lip Cream,"Kering, Dehidrasi",Neutral-Shade,High-Stay,Matte,39900
Dazzle Me,Dazzle Me Color Chrome Lip Matte,Burgundy Bill,Lip Cream,"Kering, Dehidrasi",Cool-Shade,High-Stay,Matte,39900
Dazzle Me,Dazzle Me Color Chrome Lip Matte,Toasted,Lip Cream,"Kering, Dehidrasi",Warm-Shade,High-Stay,Matte,39900
Dazzle Me,Dazzle Me Color Chrome Lip Matte,Charming Rose,Lip Cream,"Kering, Dehidrasi","Warm-Shade, Neutral-Shade",High-Stay,Matte,39900
Lip Ice,Lip Ice Sheer Color,Color Strawberry,Lip Balm,"Kering, Normal, Dehidrasi","Cool-Shade, Neutral-Shade",Low-Stay,Glossy,32200
Lip Ice,Lip Ice Sheer Color,Chocolatte,Lip Balm,"Kering, Normal, Dehidrasi","Cool-Shade, Neutral-Shade",Low-Stay,Glossy,32200
Lip Ice,Lip Ice Sheer Color,Yummy Lemon,Lip Balm,"Kering, Normal, Dehidrasi","Cool-Shade, Neutral-Shade",Low-Stay,Glossy,32200
Lip Ice,Lip Ice Sheer Color,Color Apple,Lip Balm,"Kering, Normal, Dehidrasi","Cool-Shade, Neutral-Shade",Low-Stay,Glossy,32200
Lip Ice,Lip Ice Sheer Color,Besswax Strawberry,Lip Balm,"Kering, Normal, Dehidrasi","Cool-Shade, Neutral-Shade",Low-Stay,Glossy,32200
Lip Ice,Lip Ice Sheer Color,Yummy Strawberry,Lip Balm,"Kering, Normal, Dehidrasi","Cool-Shade, Neutral-Shade",Low-Stay,Glossy,32200
Lip Ice,Lip Ice Sheer Color,Butter Chocolate,Lip Balm,"Kering, Normal, Dehidrasi","Cool-Shade, Neutral-Shade",Low-Stay,Glossy,32200
Lip Ice,Lip Ice Sheer Color,Rosy Kiss,Lip Balm,"Kering, Normal, Dehidrasi","Cool-Shade, Neutral-Shade",Low-Stay,Glossy,32200
Lip Ice,Lip Ice Sheer Color,Color Natural,Lip Balm,"Kering, Normal, Dehidrasi","Cool-Shade, Neutral-Shade",Low-Stay,Glossy,32200
Lip Ice,Lip Ice Sheer Color,Yummy Cherry,Lip Balm,"Kering, Normal, Dehidrasi","Cool-Shade, Neutral-Shade",Low-Stay,Glossy,32200
Lip Ice,Lip Ice Sheer Color,Yummy Apple,Lip Balm,"Kering, Normal, Dehidrasi","Cool-Shade, Neutral-Shade",Low-Stay,Glossy,32200
Buttered,Buttered Lip Oil Series,Hibiscus Pink,Lip Oil,"Kering, Dehidrasi",Cool-Shade,Low-Stay,Glossy,44200
Buttered,Buttered Lip Oil Series,Love Potion,Lip Oil,"Kering, Dehidrasi",Cool-Shade,Low-Stay,Glossy,44200
Buttered,Buttered Lip Oil Series,Choco Loco,Lip Oil,"Kering, Dehidrasi","Warm-Shade, Neutral-Shade",Low-Stay,Glossy,44200
Buttered,Buttered Lip Oil Series,Midnight Purple,Lip Oil,"Kering, Dehidrasi",Cool-Shade,Low-Stay,Glossy,44200
Buttered,Buttered Lip Oil Series,Purple Kiss,Lip Oil,"Kering, Dehidrasi",Cool-Shade,Low-Stay,Glossy,44200
Azarine,Azarine Mattelite Lock Lipstick,Stardust,Lipstick,"Kering, Dehidrasi",Warm-Shade,High-Stay,Matte,57230
Azarine,Azarine Mattelite Lock Lipstick,Orion,Lipstick,"Kering, Dehidrasi",Cool-Shade,High-Stay,Matte,57230
Azarine,Azarine Mattelite Lock Lipstick,Nebula,Lipstick,"Kering, Dehidrasi",Cool-Shade,High-Stay,Matte,57230
Azarine,Azarine Mattelite Lock Lipstick,Celestia,Lipstick,"Kering, Dehidrasi",Warm-Shade,High-Stay,Matte,57230
Azarine,Azarine Mattelite Lock Lipstick,Neptune,Lipstick,"Kering, Dehidrasi",Warm-Shade,High-Stay,Matte,57230
Azarine,Azarine Mattelite Lock Lipstick,Supernova,Lipstick,"Kering, Dehidrasi",Neutral-Shade,High-Stay,Matte,57230
Azarine,Azarine Mattelite Lock Lipstick,Cosmic,Lipstick,"Kering, Dehidrasi",Warm-Shade,High-Stay,Matte,57230
Azarine,Azarine Mattelite Lock Lipstick,Venus,Lipstick,"Kering, Dehidrasi",Warm-Shade,High-Stay,Matte,57230
Azarine,Azarine Mattelite Lock Lipstick,Mars,Lipstick,"Kering, Dehidrasi",Warm-Shade,High-Stay,Matte,57230
Azarine,Azarine Mattelite Lock Lipstick,Cosmara,Lipstick,"Kering, Dehidrasi",Warm-Shade,High-Stay,Matte,57230
Azarine,Azarine Mattelite Lock Lipstick,Eclipse,Lipstick,"Kering, Dehidrasi",Warm-Shade,High-Stay,Matte,57230
Azarine,Azarine Mattelite Lock Lipstick,Artemis,Lipstick,"Kering, Dehidrasi",Warm-Shade,High-Stay,Matte,57230
Azarine,Azarine Mattelite Lock Lipstick,Matrix,Lipstick,"Kering, Dehidrasi",Cool-Shade,High-Stay,Matte,57230
Azarine,Azarine Mattelite Lock Lipstick,Lunar,Lipstick,"Kering, Dehidrasi",Cool-Shade,High-Stay,Matte,57230
Glad2Glow,Glad2Glow Mixberry Juicy Lip Serum,,Lip Serum,"Kering, Dehidrasi","Cool-Shade, Neutral-Shade, Warm-Shade",Low-Stay,Glossy,49000
Pixy,Pixy Mattenetic Lipstick Series,Polarose,Lipstick,"Kering, Dehidrasi","Neutral-Shade, Cool-Shade",High-Stay,Matte,65550
Pixy,Pixy Mattenetic Lipstick Series,Coralbyte,Lipstick,"Kering, Dehidrasi",Warm-Shade,High-Stay,Matte,65550
Pixy,Pixy Mattenetic Lipstick Series,Pinkpulse,Lipstick,"Kering, Dehidrasi",Cool-Shade,High-Stay,Matte,65550
Pixy,Pixy Mattenetic Lipstick Series,Megamauve,Lipstick,"Kering, Dehidrasi",Cool-Shade,High-Stay,Matte,65550
Pixy,Pixy Mattenetic Lipstick Series,Powerplum,Lipstick,"Kering, Dehidrasi","Neutral-Shade, Cool-Shade",High-Stay,Matte,65550
Pixy,Pixy Mattenetic Lipstick Series,Brownetic,Lipstick,"Kering, Dehidrasi",Warm-Shade,High-Stay,Matte,65550
Pixy,Pixy Mattenetic Lipstick Series,Rednotic,Lipstick,"Kering, Dehidrasi",Warm-Shade,High-Stay,Matte,65550
Pixy,Pixy Mattenetic Lipstick Series,Rubivolt,Lipstick,"Kering, Dehidrasi",Cool-Shade,High-Stay,Matte,65550
Mediheal,Mediheal Labocare Pantenolips Series,Healbalm,Lip Care,"Kering, Dehidrasi","Cool-Shade, Neutral-Shade, Warm-Shade",Low-Stay,Glossy,53253
Mediheal,Mediheal Labocare Pantenolips Series,Healessence Coral,Lip Care,"Kering, Dehidrasi","Cool-Shade, Neutral-Shade, Warm-Shade",Low-Stay,Glossy,53253
Mediheal,Mediheal Labocare Pantenolips Series,Healessence,Lip Care,"Kering, Dehidrasi","Cool-Shade, Neutral-Shade, Warm-Shade",Low-Stay,Glossy,53253
Kiva,Kiva Lip Shape Liner Series,Blushwood,Lip Liner,"Kering, Dehidrasi",Warm-Shade,High-Stay,Matte,122550
Kiva,Kiva Lip Shape Liner Series,Date Night,Lip Liner,"Kering, Dehidrasi","Neutral-Shade, Cool-Shade",High-Stay,Matte,122550
Kiva,Kiva Lip Shape Liner Series,Sweet Maple,Lip Liner,"Kering, Dehidrasi",Warm-Shade,High-Stay,Matte,122550
Kiva,Kiva Lip Shape Liner Series,Rose Dust,Lip Liner,"Kering, Dehidrasi",Cool-Shade,High-Stay,Matte,122550
Kiva,Kiva Lip Shape Liner Series,Oat Milk,Lip Liner,"Kering, Dehidrasi",Warm-Shade,High-Stay,Matte,122550
Kiva,Kiva Lip Shape Liner Series,Peach Perfect,Lip Liner,"Kering, Dehidrasi",Warm-Shade,High-Stay,Matte,122550
Pixy,Pixy Mousse Moments Lip Cream,Crown In Red,Lip Cream,"Kering, Dehidrasi","Warm-Shade, Cool-Shade",High-Stay,Satin/Velvet,55100
Pixy,Pixy Mousse Moments Lip Cream,Busiest Maroon,Lip Cream,"Kering, Dehidrasi",Cool-Shade,High-Stay,Satin/Velvet,55100
Pixy,Pixy Mousse Moments Lip Cream,Calm In Rose,Lip Cream,"Kering, Dehidrasi",Neutral-Shade,High-Stay,Satin/Velvet,55100
Pixy,Pixy Mousse Moments Lip Cream,Relaxing Pink,Lip Cream,"Kering, Dehidrasi",Cool-Shade,High-Stay,Satin/Velvet,55100
Pixy,Pixy Mousse Moments Lip Cream,Peacefully Brown,Lip Cream,"Kering, Dehidrasi","Warm-Shade, Neutral-Shade",High-Stay,Satin/Velvet,55100
Pixy,Pixy Mousse Moments Lip Cream,Enjoyable Fuchsia,Lip Cream,"Kering, Dehidrasi",Cool-Shade,High-Stay,Satin/Velvet,55100
Pixy,Pixy Mousse Moments Lip Cream,Rose In Love,Lip Cream,"Kering, Dehidrasi","Neutral-Shade, Cool-Shade",High-Stay,Satin/Velvet,55100
Pixy,Pixy Mousse Moments Lip Cream,Chillin' Terracota,Lip Cream,"Kering, Dehidrasi",Warm-Shade,High-Stay,Satin/Velvet,55100
Pixy,Pixy Mousse Moments Lip Cream,Lively Apricot,Lip Cream,"Kering, Dehidrasi",Warm-Shade,High-Stay,Satin/Velvet,55100
Pixy,Pixy Mousse Moments Lip Cream,Cozy Choco,Lip Cream,"Kering, Dehidrasi","Warm-Shade, Neutral-Shade",High-Stay,Satin/Velvet,55100
Madame Gie,Madame Gie Mattely Lip Series,Choco Frust,Lip Matte,"Kering, Dehidrasi","Warm-Shade, Neutral-Shade",High-Stay,Matte,33600
Madame Gie,Madame Gie Mattely Lip Series,Strawberry Jam,Lip Matte,"Kering, Dehidrasi","Cool-Shade, Neutral-Shade",High-Stay,Matte,33600
Madame Gie,Madame Gie Mattely Lip Series,Cotton Candy,Lip Matte,"Kering, Dehidrasi",Cool-Shade,High-Stay,Matte,33600
Madame Gie,Madame Gie Mattely Lip Series,Mulberry Tart,Lip Matte,"Kering, Dehidrasi",Cool-Shade,High-Stay,Matte,33600
Madame Gie,Madame Gie Mattely Lip Series,Peach Souffle,Lip Matte,"Kering, Dehidrasi",Warm-Shade,High-Stay,Matte,33600
Madame Gie,Madame Gie Mattely Lip Series,Rose Pastry,Lip Matte,"Kering, Dehidrasi","Neutral-Shade, Cool-Shade",High-Stay,Matte,33600
ESQA,ESQA Cool Edge Lip Blur,Drift,Lip Blur,"Kering, Dehidrasi",Cool-Shade,High-Stay,Satin/Velvet,99750
ESQA,ESQA Cool Edge Lip Blur,Fade,Lip Blur,"Kering, Dehidrasi",Warm-Shade,High-Stay,Satin/Velvet,99750
ESQA,ESQA Cool Edge Lip Blur,Serve,Lip Blur,"Kering, Dehidrasi",Cool-Shade,High-Stay,Satin/Velvet,99750
ESQA,ESQA Cool Edge Lip Blur,Mood,Lip Blur,"Kering, Dehidrasi",Warm-Shade,High-Stay,Satin/Velvet,99750
ESQA,ESQA Cool Edge Lip Blur,Trace,Lip Blur,"Kering, Dehidrasi","Neutral-Shade, Cool-Shade",High-Stay,Satin/Velvet,99750
Nivea,Nivea Caring Color Lip & Cheek,Coral,Lip Balm,"Kering, Normal, Dehidrasi","Warm-Shade, Cool-Shade, Neutral-Shade",Low-Stay,Glossy,46000
Nivea,Nivea Caring Color Lip & Cheek,Rose,Lip Balm,"Kering, Normal, Dehidrasi","Warm-Shade, Cool-Shade, Neutral-Shade",Low-Stay,Glossy,46000
Raecca,Raecca Power Frosted Velvet Matte,Kind Power,Lip Cream,"Kering, Dehidrasi","Cool-Shade, Neutral-Shade",High-Stay,Satin/Velvet,62910
Raecca,Raecca Power Frosted Velvet Matte,Honest Power,Lip Cream,"Kering, Dehidrasi","Warm-Shade, Neutral-Shade",High-Stay,Satin/Velvet,62910
Raecca,Raecca Power Frosted Velvet Matte,Classy Power,Lip Cream,"Kering, Dehidrasi","Cool-Shade, Neutral-Shade",High-Stay,Satin/Velvet,62910
Raecca,Raecca Power Frosted Velvet Matte,Smart Power,Lip Cream,"Kering, Dehidrasi",Warm-Shade,High-Stay,Satin/Velvet,62910
Raecca,Raecca Power Frosted Velvet Matte,Heart Power,Lip Cream,"Kering, Dehidrasi",Cool-Shade,High-Stay,Satin/Velvet,62910
Raecca,Raecca Power Frosted Velvet Matte,Ambition Power,Lip Cream,"Kering, Dehidrasi",Cool-Shade,High-Stay,Satin/Velvet,62910
Dazzle Me,Dazzle Me Mousse Lip Cream,Joyful,Lip Cream,"Kering, Dehidrasi",Warm-Shade,High-Stay,Satin/Velvet,40900
Dazzle Me,Dazzle Me Mousse Lip Cream,Release Me,Lip Cream,"Kering, Dehidrasi","Warm-Shade, Neutral-Shade",High-Stay,Satin/Velvet,40900
Dazzle Me,Dazzle Me Mousse Lip Cream,Pumpkin Magic,Lip Cream,"Kering, Dehidrasi",Warm-Shade,High-Stay,Satin/Velvet,40900
Dazzle Me,Dazzle Me Mousse Lip Cream,Blazing Hot,Lip Cream,"Kering, Dehidrasi","Cool-Shade, Warm-Shade",High-Stay,Satin/Velvet,40900
Dazzle Me,Dazzle Me Mousse Lip Cream,Not Today,Lip Cream,"Kering, Dehidrasi",Warm-Shade,High-Stay,Satin/Velvet,40900
Somethinc,Somethinc Ombrella Juicy Lip Tint,Pick Me,Lip Tint,"Kering, Dehidrasi","Warm-Shade, Neutral-Shade",High-Stay,Glossy,58650
Somethinc,Somethinc Ombrella Juicy Lip Tint,Humble,Lip Tint,"Kering, Dehidrasi",Warm-Shade,High-Stay,Glossy,58650
Somethinc,Somethinc Ombrella Juicy Lip Tint,Rebel,Lip Tint,"Kering, Dehidrasi","Cool-Shade, Neutral-Shade",High-Stay,Glossy,58650
Somethinc,Somethinc Ombrella Juicy Lip Tint,Demure,Lip Tint,"Kering, Dehidrasi","Neutral-Shade, Cool-Shade",High-Stay,Glossy,58650
Somethinc,Somethinc Ombrella Juicy Lip Tint,Ploy,Lip Tint,"Kering, Dehidrasi","Warm-Shade, Neutral-Shade",High-Stay,Glossy,58650
Somethinc,Somethinc Ombrella Juicy Lip Tint,Sheesh,Lip Tint,"Kering, Dehidrasi",Cool-Shade,High-Stay,Glossy,58650
Somethinc,Somethinc Ombrella Juicy Lip Tint,Bias,Lip Tint,"Kering, Dehidrasi",Warm-Shade,High-Stay,Glossy,58650
Somethinc,Somethinc Ombrella Juicy Lip Tint,Lover,Lip Tint,"Kering, Dehidrasi",Cool-Shade,High-Stay,Glossy,58650
Somethinc,Somethinc Ombrella Juicy Lip Tint,Noir,Lip Tint,"Kering, Dehidrasi",Cool-Shade,High-Stay,Glossy,58650
Rose All Day,Rose All Day Lip Mousse Records,Groovy Theory,Lip Cream,"Kering, Dehidrasi",Warm-Shade,High-Stay,Satin/Velvet,99000
Rose All Day,Rose All Day Lip Mousse Records,Pop All Day,Lip Cream,"Kering, Dehidrasi","Cool-Shade, Neutral-Shade",High-Stay,Satin/Velvet,99000
Rose All Day,Rose All Day Lip Mousse Records,Rosé Remix,Lip Cream,"Kering, Dehidrasi","Neutral-Shade, Warm-Shade",High-Stay,Satin/Velvet,99000
Rose All Day,Rose All Day Lip Mousse Records,Soul Rhythm,Lip Cream,"Kering, Dehidrasi","Neutral-Shade, Warm-Shade",High-Stay,Satin/Velvet,99000
Rose All Day,Rose All Day Lip Mousse Records,90’s Love Songs,Lip Cream,"Kering, Dehidrasi",Cool-Shade,High-Stay,Satin/Velvet,99000
Rose All Day,Rose All Day Lip Mousse Records,Sunset Tunes,Lip Cream,"Kering, Dehidrasi",Neutral-Shade,High-Stay,Satin/Velvet,99000
Rose All Day,Rose All Day Lip Mousse Records,Midnight Melody,Lip Cream,"Kering, Dehidrasi",Cool-Shade,High-Stay,Satin/Velvet,99000
Emina,Emina Glossy Stain,Autumn Bell,Lip Stain,"Kering, Dehidrasi","Cool-Shade, Neutral-Shade",Low-Stay,Glossy,49400
Emina,Emina Glossy Stain,Apple Shower,Lip Stain,"Kering, Dehidrasi","Warm-Shade, Cool-Shade",Low-Stay,Glossy,49400
Emina,Emina Glossy Stain,Rainy Hazelrose,Lip Stain,"Kering, Dehidrasi","Cool-Shade, Neutral-Shade",Low-Stay,Glossy,49400
Emina,Emina Glossy Stain,Peach Sprinkles,Lip Stain,"Kering, Dehidrasi",Warm-Shade,Low-Stay,Glossy,49400
Emina,Emina Glossy Stain,Spring Dazzle,Lip Stain,"Kering, Dehidrasi",Warm-Shade,Low-Stay,Glossy,49400
Emina,Emina Glossy Stain,Coffee Drop,Lip Stain,"Kering, Dehidrasi","Warm-Shade, Neutral-Shade",Low-Stay,Glossy,49400
Emina,Emina Glossy Stain,French Vanilla,Lip Stain,"Kering, Dehidrasi",Warm-Shade,Low-Stay,Glossy,49400
Emina,Emina Glossy Stain,Pouring Tea,Lip Stain,"Kering, Dehidrasi",Warm-Shade,Low-Stay,Glossy,49400
Emina,Emina Glossy Stain,Red Bean,Lip Stain,"Kering, Dehidrasi",Cool-Shade,Low-Stay,Glossy,49400
Emina,Emina Glossy Stain,Choco Praline,Lip Stain,"Kering, Dehidrasi",Warm-Shade,Low-Stay,Glossy,49400
BNB Barenbliss,BNB Barenbliss Glow Tint Lily Makes Luminous Glow Lip Tint,Queen Bae,Lip Tint,"Kering, Dehidrasi","Warm-Shade, Neutral-Shade",High-Stay,Glossy,75900
BNB Barenbliss,BNB Barenbliss Glow Tint Lily Makes Luminous Glow Lip Tint,Rose Glaze,Lip Tint,"Kering, Dehidrasi",Warm-Shade,High-Stay,Glossy,75900
BNB Barenbliss,BNB Barenbliss Glow Tint Lily Makes Luminous Glow Lip Tint,Figgy Plum,Lip Tint,"Kering, Dehidrasi",Cool-Shade,High-Stay,Glossy,75900
BNB Barenbliss,BNB Barenbliss Glow Tint Lily Makes Luminous Glow Lip Tint,Sunset Drop,Lip Tint,"Kering, Dehidrasi",Warm-Shade,High-Stay,Glossy,75900
BNB Barenbliss,BNB Barenbliss Glow Tint Lily Makes Luminous Glow Lip Tint,Burn Pomelo,Lip Tint,"Kering, Dehidrasi","Warm-Shade, Neutral-Shade",High-Stay,Glossy,75900
BNB Barenbliss,BNB Barenbliss Glow Tint Lily Makes Luminous Glow Lip Tint,Garnet Crush,Lip Tint,"Kering, Dehidrasi",Cool-Shade,High-Stay,Glossy,75900
Madame Gie,Madame Gie Sweet Lip Mask,Watermelon,Lip Mask,"Kering, Dehidrasi",Cool-Shade,Low-Stay,Glossy,21200
Madame Gie,Madame Gie Sweet Lip Mask,Matcha,Lip Mask,"Kering, Dehidrasi",Neutral-Shade,Low-Stay,Glossy,21200
Madame Gie,Madame Gie Sweet Lip Mask,Coffee ,Lip Mask,"Kering, Dehidrasi","Warm-Shade, Neutral-Shade",Low-Stay,Glossy,21200
Madame Gie,Madame Gie Sweet Lip Mask,Raspberry,Lip Mask,"Kering, Dehidrasi",Cool-Shade,Low-Stay,Glossy,21200
Madame Gie,Madame Gie Sweet Lip Mask,Lychee,Lip Mask,"Kering, Dehidrasi","Neutral-Shade, Cool-Shade",Low-Stay,Glossy,21200
Instaperfect,Lip Cream Instaperfect Everlast Intense Matte Liquid Lipcream,Exceptional,Lip Cream,"Kering, Dehidrasi","Warm-Shade, Neutral-Shade",High-Stay,Matte,95000
Instaperfect,Lip Cream Instaperfect Everlast Intense Matte Liquid Lipcream,Timeless,Lip Cream,"Kering, Dehidrasi","Warm-Shade, Neutral-Shade",High-Stay,Matte,95000
Instaperfect,Lip Cream Instaperfect Everlast Intense Matte Liquid Lipcream,Surreal,Lip Cream,"Kering, Dehidrasi","Warm-Shade, Neutral-Shade, Cool-Shade",High-Stay,Matte,95000
Instaperfect,Lip Cream Instaperfect Everlast Intense Matte Liquid Lipcream,Grande,Lip Cream,"Kering, Dehidrasi","Warm-Shade, Neutral-Shade, Cool-Shade",High-Stay,Matte,95000
Instaperfect,Lip Cream Instaperfect Everlast Intense Matte Liquid Lipcream,Splendid,Lip Cream,"Kering, Dehidrasi","Cool-Shade, Warm-Shade",High-Stay,Matte,95000
Instaperfect,Lip Cream Instaperfect Everlast Intense Matte Liquid Lipcream,Authentic,Lip Cream,"Kering, Dehidrasi","Warm-Shade, Neutral-Shade, Cool-Shade",High-Stay,Matte,95000
Instaperfect,Lip Cream Instaperfect Everlast Intense Matte Liquid Lipcream,Effortless,Lip Cream,"Kering, Dehidrasi","Warm-Shade, Neutral-Shade, Cool-Shade",High-Stay,Matte,95000
Instaperfect,Lip Cream Instaperfect Everlast Intense Matte Liquid Lipcream,Dashing,Lip Cream,"Kering, Dehidrasi","Warm-Shade, Neutral-Shade, Cool-Shade",High-Stay,Matte,95000
Dear Me Beauty,Dear Me Beauty Velvet Lip Tint,Dear Diana,Lip Tint,"Kering, Dehidrasi","Cool-Shade, Neutral-Shade",High-Stay,Satin/Velvet,51350
Dear Me Beauty,Dear Me Beauty Velvet Lip Tint,Dear Niki,Lip Tint,"Kering, Dehidrasi","Warm-Shade, Neutral-Shade",High-Stay,Satin/Velvet,51350
Dear Me Beauty,Dear Me Beauty Velvet Lip Tint,Dear Aulia,Lip Tint,"Kering, Dehidrasi",Warm-Shade,High-Stay,Satin/Velvet,51350
Dear Me Beauty,Dear Me Beauty Velvet Lip Tint,Dear Debby,Lip Tint,"Kering, Dehidrasi",Warm-Shade,High-Stay,Satin/Velvet,51350
Dear Me Beauty,Dear Me Beauty Velvet Lip Tint,Dear Vinna,Lip Tint,"Kering, Dehidrasi",Cool-Shade,High-Stay,Satin/Velvet,51350
ESQA,ESQA Lip Gloss Vegan Vitamin E,Jakarta,Lip Gloss,"Kering, Dehidrasi",Warm-Shade,Low-Stay,Glossy,51350
ESQA,ESQA Lip Gloss Vegan Vitamin E,Dubai,Lip Gloss,"Kering, Dehidrasi","Warm-Shade, Neutral-Shade",Low-Stay,Glossy,51350
ESQA,ESQA Lip Gloss Vegan Vitamin E,Tokyo,Lip Gloss,"Kering, Dehidrasi","Cool-Shade, Neutral-Shade",Low-Stay,Glossy,51350
ESQA,ESQA Lip Gloss Vegan Vitamin E,London,Lip Gloss,"Kering, Dehidrasi","Neutral-Shade, Cool-Shade",Low-Stay,Glossy,51350
Maybelline,Maybelline Superstay Teddy Tint 5 mL,Skinnydip,Lip Tint,"Kering, Dehidrasi",Neutral-Shade,High-Stay,Matte,133855
Maybelline,Maybelline Superstay Teddy Tint 5 mL,Baby Tee,Lip Tint,"Kering, Dehidrasi","Neutral-Shade, Cool-Shade",High-Stay,Matte,133855
Maybelline,Maybelline Superstay Teddy Tint 5 mL,Coquettish,Lip Tint,"Kering, Dehidrasi","Warm-Shade, Neutral-Shade",High-Stay,Matte,133855
Maybelline,Maybelline Superstay Teddy Tint 5 mL,July Forever,Lip Tint,"Kering, Dehidrasi",Cool-Shade,High-Stay,Matte,133855
Maybelline,Maybelline Superstay Teddy Tint 5 mL,Cool Grunge,Lip Tint,"Kering, Dehidrasi",Cool-Shade,High-Stay,Matte,133855
Maybelline,Maybelline Superstay Teddy Tint 5 mL,The A+,Lip Tint,"Kering, Dehidrasi",Warm-Shade,High-Stay,Matte,133855
Maybelline,Maybelline Superstay Teddy Tint 5 mL,Latte To Go,Lip Tint,"Kering, Dehidrasi","Warm-Shade, Neutral-Shade",High-Stay,Matte,133855
Maybelline,Maybelline Superstay Teddy Tint 5 mL,Keep It Cozy,Lip Tint,"Kering, Dehidrasi","Warm-Shade, Neutral-Shade",High-Stay,Matte,133855
Maybelline,Maybelline Superstay Teddy Tint 5 mL,Knee High,Lip Tint,"Kering, Dehidrasi",Cool-Shade,High-Stay,Matte,133855
Maybelline,Maybelline Superstay Teddy Tint 5 mL,Pinkie Bestie,Lip Tint,"Kering, Dehidrasi","Cool-Shade, Neutral-Shade",High-Stay,Matte,133855
Make Over,Make Over Powerstay Transferproof Matte Lip Cream,No.1,Lip Cream,"Kering, Dehidrasi","Cool-Shade, Neutral-Shade",High-Stay,Matte,130000
Make Over,Make Over Powerstay Transferproof Matte Lip Cream,Lucky,Lip Cream,"Kering, Dehidrasi","Neutral-Shade, Cool-Shade",High-Stay,Matte,130000
Make Over,Make Over Powerstay Transferproof Matte Lip Cream,Hype,Lip Cream,"Kering, Dehidrasi",Warm-Shade,High-Stay,Matte,130000
Make Over,Make Over Powerstay Transferproof Matte Lip Cream,Fearless,Lip Cream,"Kering, Dehidrasi","Warm-Shade, Neutral-Shade",High-Stay,Matte,130000
Make Over,Make Over Powerstay Transferproof Matte Lip Cream,Fired Up,Lip Cream,"Kering, Dehidrasi",Cool-Shade,High-Stay,Matte,130000
Make Over,Make Over Powerstay Transferproof Matte Lip Cream,Powerful,Lip Cream,"Kering, Dehidrasi",Cool-Shade,High-Stay,Matte,130000
Make Over,Make Over Powerstay Transferproof Matte Lip Cream,Amplify,Lip Cream,"Kering, Dehidrasi",Warm-Shade,High-Stay,Matte,130000
Make Over,Make Over Powerstay Transferproof Matte Lip Cream,Curious,Lip Cream,"Kering, Dehidrasi","Warm-Shade, Neutral-Shade",High-Stay,Matte,130000
Make Over,Make Over Powerstay Transferproof Matte Lip Cream,Popular,Lip Cream,"Kering, Dehidrasi",Warm-Shade,High-Stay,Matte,130000
Make Over,Make Over Powerstay Transferproof Matte Lip Cream,10 M.O,Lip Cream,"Kering, Dehidrasi","Warm-Shade, Neutral-Shade",High-Stay,Matte,130000
Make Over,Make Over Powerstay Transferproof Matte Lip Cream,New Rules,Lip Cream,"Kering, Dehidrasi",Cool-Shade,High-Stay,Matte,130000
Make Over,Make Over Powerstay Transferproof Matte Lip Cream,Feisty,Lip Cream,"Kering, Dehidrasi","Warm-Shade, Neutral-Shade",High-Stay,Matte,130000
TimePhoria,TimePhoria Nebula Velvet Lip Cream,Cordelia,Lip Cream,"Normal, Kering","Warm-Shade, Neutral-Shade",High-Stay,Satin/Velvet,113050
TimePhoria,TimePhoria Nebula Velvet Lip Cream,Aurora,Lip Cream,"Normal, Kering",Warm-Shade,High-Stay,Satin/Velvet,113050
TimePhoria,TimePhoria Nebula Velvet Lip Cream,Elara,Lip Cream,"Normal, Kering","Cool-Shade, Neutral-Shade",High-Stay,Satin/Velvet,113050
TimePhoria,TimePhoria Nebula Velvet Lip Cream,Allura,Lip Cream,"Normal, Kering","Cool-Shade, Neutral-Shade",High-Stay,Satin/Velvet,113050
TimePhoria,TimePhoria Nebula Velvet Lip Cream,Polaris,Lip Cream,"Normal, Kering",Cool-Shade,High-Stay,Satin/Velvet,113050
TimePhoria,TimePhoria Nebula Velvet Lip Cream,Ursa,Lip Cream,"Normal, Kering","Cool-Shade, Neutral-Shade",High-Stay,Satin/Velvet,113050
TimePhoria,TimePhoria Nebula Velvet Lip Cream,Milky Way,Lip Cream,"Normal, Kering",Warm-Shade,High-Stay,Satin/Velvet,113050
TimePhoria,TimePhoria Nebula Velvet Lip Cream,Equinox,Lip Cream,"Normal, Kering","Warm-Shade, Neutral-Shade",High-Stay,Satin/Velvet,113050
TimePhoria,TimePhoria Nebula Velvet Lip Cream,Helion,Lip Cream,"Normal, Kering",Warm-Shade,High-Stay,Satin/Velvet,113050
TimePhoria,TimePhoria Nebula Velvet Lip Cream,Bellatrix,Lip Cream,"Normal, Kering",Cool-Shade,High-Stay,Satin/Velvet,113050
TimePhoria,TimePhoria Nebula Velvet Lip Cream,Estelle,Lip Cream,"Normal, Kering",Warm-Shade,High-Stay,Satin/Velvet,113050
YOU,YOU Cloud Paint Glassy Glow Lip Tint,Dusty Rose,Lip Tint,"Normal, Kering","Cool-Shade, Neutral-Shade",High-Stay,Glossy,79900
YOU,YOU Cloud Paint Glassy Glow Lip Tint,Starry Pink,Lip Tint,"Normal, Kering",Cool-Shade,High-Stay,Glossy,79900
YOU,YOU Cloud Paint Glassy Glow Lip Tint,Berry Amber,Lip Tint,"Normal, Kering","Warm-Shade, Neutral-Shade",High-Stay,Glossy,79900
YOU,YOU Cloud Paint Glassy Glow Lip Tint,Cocoa Charm,Lip Tint,"Normal, Kering",Warm-Shade,High-Stay,Glossy,79900
YOU,YOU Cloud Paint Glassy Glow Lip Tint,Crimson Dream,Lip Tint,"Normal, Kering",Cool-Shade,High-Stay,Glossy,79900
YOU,YOU Cloud Paint Glassy Glow Lip Tint,Peachy Nude,Lip Tint,"Normal, Kering","Warm-Shade, Neutral-Shade",High-Stay,Glossy,79900
YOU,YOU Cloud Paint Glassy Glow Lip Tint,Cinnamon Rose,Lip Tint,"Normal, Kering",Warm-Shade,High-Stay,Glossy,79900
YOU,YOU Cloud Paint Glassy Glow Lip Tint,Crush Ruby,Lip Tint,"Normal, Kering",Cool-Shade,High-Stay,Glossy,79900
YOU,YOU Cloud Paint Glassy Glow Lip Tint,Cherry Drop,Lip Tint,"Normal, Kering",Cool-Shade,High-Stay,Glossy,79900
YOU,YOU Cloud Paint Glassy Glow Lip Tint,Scarlet Glow,Lip Tint,"Normal, Kering","Warm-Shade, Neutral-Shade",High-Stay,Glossy,79900
Wardah,Wardah Colorfit Velvet Matte Lip Mousse,Joyful Orange,Lip Cream,"Normal, Kering",Warm-Shade,High-Stay,Satin/Velvet,68310
Wardah,Wardah Colorfit Velvet Matte Lip Mousse,Fuchsia Lover,Lip Cream,"Normal, Kering",Cool-Shade,High-Stay,Matte,68310
Wardah,Wardah Colorfit Velvet Matte Lip Mousse,Ombre Charmer,Lip Cream,"Normal, Kering","Warm-Shade, Neutral-Shade",High-Stay,Matte,68310
Wardah,Wardah Colorfit Velvet Matte Lip Mousse,Sweet Cinnamon,Lip Cream,"Normal, Kering",Warm-Shade,High-Stay,Matte,68310
Wardah,Wardah Colorfit Velvet Matte Lip Mousse,Brown Dreamer,Lip Cream,"Normal, Kering",Neutral-Shade,High-Stay,Matte,68310
Wardah,Wardah Colorfit Velvet Matte Lip Mousse,Rose Ballerina,Lip Cream,"Normal, Kering",Cool-Shade,High-Stay,Matte,68310
Wardah,Wardah Colorfit Velvet Matte Lip Mousse,Pink Sweethert,Lip Cream,"Normal, Kering",Cool-Shade,High-Stay,Matte,68310
Wardah,Wardah Colorfit Velvet Matte Lip Mousse,Artisan Mauve,Lip Cream,"Normal, Kering",Cool-Shade,High-Stay,Matte,68310
Wardah,Wardah Colorfit Velvet Matte Lip Mousse,Red Pioneer,Lip Cream,"Normal, Kering",Cool-Shade,High-Stay,Matte,68310
Wardah,Wardah Colorfit Velvet Matte Lip Mousse,Brown Creator,Lip Cream,"Normal, Kering",Warm-Shade,High-Stay,Matte,68310
Wardah,Wardah Colorfit Velvet Matte Lip Mousse,Lively Coral,Lip Cream,"Normal, Kering",Warm-Shade,High-Stay,Matte,68310
Wardah,Wardah Colorfit Velvet Matte Lip Mousse,Chic Terracotta,Lip Cream,"Normal, Kering",Warm-Shade,High-Stay,Matte,68310
Wardah,Wardah Colorfit Velvet Matte Lip Mousse,Dainty Caramel,Lip Cream,"Normal, Kering","Warm-Shade, Neutral-Shade",High-Stay,Matte,68310
Wardah,Wardah Colorfit Velvet Matte Lip Mousse,Cherish Marmalade,Lip Cream,"Normal, Kering","Warm-Shade, Neutral-Shade",High-Stay,Matte,68310
ESQA,ESQA Slick Drip Serum Lip Tint,Cashmere Nude,Lip Tint,"Normal, Kering","Warm-Shade, Neutral-Shade",High-Stay,Glossy,99750
ESQA,ESQA Slick Drip Serum Lip Tint,Rose Soufle,Lip Tint,"Normal, Kering",Cool-Shade,High-Stay,Glossy,99750
ESQA,ESQA Slick Drip Serum Lip Tint,Royal Ruby,Lip Tint,"Normal, Kering",Cool-Shade,High-Stay,Glossy,99750
ESQA,ESQA Slick Drip Serum Lip Tint,Flaming Red,Lip Tint,"Normal, Kering","Warm-Shade, Cool-Shade",High-Stay,Glossy,99750
ESQA,ESQA Slick Drip Serum Lip Tint,Bubble Berry,Lip Tint,"Normal, Kering",Cool-Shade,High-Stay,Glossy,99750
ESQA,ESQA Slick Drip Serum Lip Tint,Sienna Sunset,Lip Tint,"Normal, Kering",Warm-Shade,High-Stay,Glossy,99750
ESQA,ESQA Slick Drip Serum Lip Tint,Warm Maple,Lip Tint,"Normal, Kering",Warm-Shade,High-Stay,Glossy,99750
ESQA,ESQA Slick Drip Serum Lip Tint,Burnt Chestnut,Lip Tint,"Normal, Kering","Warm-Shade, Neutral-Shade",High-Stay,Glossy,99750
Make Over,Make Over Color Stick Matte Crayon,Iris,Lip Crayon,"Normal, Kering",Cool-Shade,High-Stay,Matte,105000
Make Over,Make Over Color Stick Matte Crayon,Brooklyn,Lip Crayon,"Normal, Kering","Neutral-Shade, Cool-Shade",High-Stay,Matte,105000
Make Over,Make Over Color Stick Matte Crayon,Harper,Lip Crayon,"Normal, Kering",Warm-Shade,High-Stay,Matte,105000
Make Over,Make Over Color Stick Matte Crayon,Blake,Lip Crayon,"Normal, Kering",Warm-Shade,High-Stay,Matte,105000
Make Over,Make Over Color Stick Matte Crayon,Skye,Lip Crayon,"Normal, Kering","Neutral-Shade, Warm-Shade",High-Stay,Matte,105000
Viva,Viva Nutri Bright Lip Serum,Glazzy Clear,Lip Serum,"Kering, Dehidrasi",Cool-Shade,Low-Stay,Glossy,21500
Viva,Viva Nutri Bright Lip Serum,Rosy Pink,Lip Serum,"Kering, Dehidrasi",Warm-Shade,Low-Stay,Glossy,21500
Viva,Viva Nutri Bright Lip Serum,Baby Peach,Lip Serum,"Kering, Dehidrasi","Warm-Shade, Cool-Shade",Low-Stay,Glossy,21500
Maybelline,Maybelline Liquid Superstay Matte Ink Reds Series,Gritty,Lip Cream,"Normal, Kering",Warm-Shade,High-Stay,Matte,132905
Maybelline,Maybelline Liquid Superstay Matte Ink Reds Series,Standout,Lip Cream,"Normal, Kering",Warm-Shade,High-Stay,Matte,132905
Maybelline,Maybelline Liquid Superstay Matte Ink Reds Series,Dauntless,Lip Cream,"Normal, Kering","Warm-Shade, Cool-Shade",High-Stay,Matte,132905
Maybelline,Maybelline Liquid Superstay Matte Ink Reds Series,Frontrunner,Lip Cream,"Normal, Kering",Warm-Shade,High-Stay,Matte,132905
Maybelline,Maybelline Liquid Superstay Matte Ink Reds Series,Unconventional,Lip Cream,"Normal, Kering",Warm-Shade,High-Stay,Matte,132905
Maybelline,Maybelline Liquid Superstay Matte Ink Reds Series,Achiever,Lip Cream,"Normal, Kering",Cool-Shade,High-Stay,Matte,132905
Maybelline,Maybelline Liquid Superstay Matte Ink Reds Series,Extraordinary,Lip Cream,"Normal, Kering","Neutral-Shade, Warm-Shade",High-Stay,Matte,132905
Kaila Beaute,Kaila Beaute Matte Lipstick,Ambitious,Lipstick,"Normal, Kering",Warm-Shade,High-Stay,Matte,74250
Kaila Beaute,Kaila Beaute Matte Lipstick,Indie,Lipstick,"Normal, Kering","Neutral-Shade, Warm-Shade",High-Stay,Matte,74250
Kaila Beaute,Kaila Beaute Matte Lipstick,Naughty,Lipstick,"Normal, Kering","Warm-Shade, Cool-Shade",High-Stay,Matte,74250
Kaila Beaute,Kaila Beaute Matte Lipstick,Polite,Lipstick,"Normal, Kering",Warm-Shade,High-Stay,Matte,74250
Kaila Beaute,Kaila Beaute Matte Lipstick,Rebel,Lipstick,"Normal, Kering",Cool-Shade,High-Stay,Matte,74250
Liplapin,Liplapin Lip Scrub 15 gr,Bubble Gum,Lip Scrub,"Kering, Dehidrasi","Warm-Shade, Neutral-Shade, Cool-Shade",Low-Stay,Velvet,45000
Liplapin,Liplapin Lip Scrub 15 gr,Cotton Candy,Lip Scrub,"Kering, Dehidrasi","Warm-Shade, Neutral-Shade, Cool-Shade",Low-Stay,Velvet,45000
Liplapin,Liplapin Lip Scrub 15 gr,Marshmallow,Lip Scrub,"Kering, Dehidrasi","Warm-Shade, Neutral-Shade, Cool-Shade",Low-Stay,Velvet,45000
Liplapin,Liplapin Lip Scrub 15 gr,Strawberry,Lip Scrub,"Kering, Dehidrasi","Warm-Shade, Neutral-Shade, Cool-Shade",Low-Stay,Velvet,45000
Liplapin,Liplapin Lip Scrub 15 gr,Peach,Lip Scrub,"Kering, Dehidrasi","Warm-Shade, Neutral-Shade, Cool-Shade",Low-Stay,Velvet,45000
DAZZLE ME,DAZZLE ME Fruit Justice Lip Balm,Super Berry,Lip Balm,"Kering, Normal, Dehidrasi","Cool-Shade, Neutral-Shade",Low-Stay,Glossy,30900
DAZZLE ME,DAZZLE ME Fruit Justice Lip Balm,AvoK.O,Lip Balm,"Kering, Normal, Dehidrasi","Cool-Shade, Neutral-Shade",Low-Stay,Glossy,30900
DAZZLE ME,DAZZLE ME Fruit Justice Lip Balm,O-Rangers,Lip Balm,"Kering, Normal, Dehidrasi","Cool-Shade, Neutral-Shade",Low-Stay,Glossy,30900
DAZZLE ME,DAZZLE ME Fruit Justice Lip Balm,Peach Punch,Lip Balm,"Kering, Normal, Dehidrasi","Cool-Shade, Neutral-Shade",Low-Stay,Glossy,30900
DAZZLE ME,DAZZLE ME Fruit Justice Lip Balm,Black Honey,Lip Balm,"Kering, Normal, Dehidrasi","Cool-Shade, Neutral-Shade",Low-Stay,Glossy,30900
BNB Barenbliss,BNB Barenbliss Lip Balm,Gold Make Georgeus,Lip Balm,"Kering, Normal, Dehidrasi","Warm-Shade, Neutral-Shade",Low-Stay,Glossy,69900
BNB Barenbliss,BNB Barenbliss Lip Balm,Silver Make Stunning,Lip Balm,"Kering, Normal, Dehidrasi","Cool-Shade, Neutral-Shade",Low-Stay,Glossy,69900
Rose All Day,Rose All Day Stain Tint The Powerpuff Girls Edition,Brave,Lip Tint,"Normal, Kering",Neutral-Shade,High-Stay,Glossy,99000
Rose All Day,Rose All Day Stain Tint The Powerpuff Girls Edition,Joy,Lip Tint,"Normal, Kering","Cool-Shade, Neutral-Shade",High-Stay,Glossy,99000
Rose All Day,Rose All Day Stain Tint The Powerpuff Girls Edition,Strong,Lip Tint,"Normal, Kering",Cool-Shade,High-Stay,Glossy,99000
Lip Ice,Lip Ice Sport Sunscreen Lip Balm,,Sunscreen Lip Balm,"Kering, Dehidrasi","Warm-Shade, Neutral-Shade, Cool-Shade",Low-Stay,Glossy,38000
Xi Xiu,Moisturizing Xi Xiu Divine LipTeen Stain,Supershy,Lip Tint,"Normal, Kering",Warm-Shade,High-Stay,Glossy,19000
Xi Xiu,Moisturizing Xi Xiu Divine LipTeen Stain,Red Moon,Lip Tint,"Normal, Kering",Warm-Shade,High-Stay,Glossy,19000
Xi Xiu,Moisturizing Xi Xiu Divine LipTeen Stain,Pretty Gal,Lip Tint,"Normal, Kering","Warm-Shade, Neutral-Shade",High-Stay,Glossy,19000
Xi Xiu,Moisturizing Xi Xiu Divine LipTeen Stain,Innocent,Lip Tint,"Normal, Kering",Warm-Shade,High-Stay,Glossy,19000
Xi Xiu,Moisturizing Xi Xiu Divine LipTeen Stain,Talkative,Lip Tint,"Normal, Kering",Warm-Shade,High-Stay,Glossy,19000
TimePhoria,TimePhoria Orbita Lip & Cheek Blurring Pot,,Lip & Cheek,Normal,"Warm-Shade, Neutral-Shade, Cool-Shade",High-Stay,Satin/Velvet,113050
Xi Xiu,Ultra Moisture Xi Xiu Divine Lip Matte Sense,Peaceful,Lip Matte,"Normal, Kering","Warm-Shade, Neutral-Shade",High-Stay,Matte,22800
Xi Xiu,Ultra Moisture Xi Xiu Divine Lip Matte Sense,Speechless,Lip Matte,"Normal, Kering",Warm-Shade,High-Stay,Matte,22800
Xi Xiu,Ultra Moisture Xi Xiu Divine Lip Matte Sense,Romantic,Lip Matte,"Normal, Kering","Cool-Shade, Neutral-Shade",High-Stay,Matte,22800
Xi Xiu,Ultra Moisture Xi Xiu Divine Lip Matte Sense,Cheerful,Lip Matte,"Normal, Kering",Warm-Shade,High-Stay,Matte,22800
Xi Xiu,Ultra Moisture Xi Xiu Divine Lip Matte Sense,Jealous,Lip Matte,"Normal, Kering","Warm-Shade, Cool-Shade",High-Stay,Matte,22800
Xi Xiu,Ultra Moisture Xi Xiu Divine Lip Matte Sense,Be Brave,Lip Matte,"Normal, Kering",Warm-Shade,High-Stay,Matte,22800
Judydoll,Judydoll Watery Glow Lipstick,Nude Pink,Lipstick,"Normal, Kering","Cool-Shade, Neutral-Shade",High-Stay,Glossy,90300
Judydoll,Judydoll Watery Glow Lipstick,Jelly,Lipstick,"Normal, Kering","Warm-Shade, Neutral-Shade",High-Stay,Glossy,90300
Judydoll,Judydoll Watery Glow Lipstick,Lemon Tea,Lipstick,"Normal, Kering",Warm-Shade,High-Stay,Glossy,90300
Judydoll,Judydoll Watery Glow Lipstick,Amber,Lipstick,"Normal, Kering",Warm-Shade,High-Stay,Glossy,90300
Judydoll,Judydoll Watery Glow Lipstick,Hawthorn,Lipstick,"Normal, Kering","Warm-Shade, Cool-Shade",High-Stay,Glossy,90300
BNB Barenbliss,BNB Barenbliss Apple Makes Adorable Mousse Tint,Coral Wave,Lip Tint,"Normal, Kering","Warm-Shade, Neutral-Shade",High-Stay,Satin/Velvet,75900
BNB Barenbliss,BNB Barenbliss Apple Makes Adorable Mousse Tint,Amber Peel,Lip Tint,"Normal, Kering",Warm-Shade,High-Stay,Satin/Velvet,75900
BNB Barenbliss,BNB Barenbliss Apple Makes Adorable Mousse Tint,Cocoa Jam,Lip Tint,"Normal, Kering","Warm-Shade, Neutral-Shade",High-Stay,Satin/Velvet,75900
BNB Barenbliss,BNB Barenbliss Apple Makes Adorable Mousse Tint,Burgundy Heat,Lip Tint,"Normal, Kering",Cool-Shade,High-Stay,Satin/Velvet,75900
BNB Barenbliss,BNB Barenbliss Apple Makes Adorable Mousse Tint,Rose Haze,Lip Tint,"Normal, Kering","Cool-Shade, Neutral-Shade",High-Stay,Satin/Velvet,75900
BNB Barenbliss,BNB Barenbliss Apple Makes Adorable Mousse Tint,Candy Blaze,Lip Tint,"Normal, Kering",Warm-Shade,High-Stay,Satin/Velvet,75900
BNB Barenbliss,BNB Barenbliss Apple Makes Adorable Mousse Tint,Nude Latte,Lip Tint,"Normal, Kering","Warm-Shade, Neutral-Shade",High-Stay,Satin/Velvet,75900
BNB Barenbliss,BNB Barenbliss Apple Makes Adorable Mousse Tint,Fuchsia Berry,Lip Tint,"Normal, Kering",Cool-Shade,High-Stay,Satin/Velvet,75900
BNB Barenbliss,BNB Barenbliss Apple Makes Adorable Mousse Tint,Brick Punch,Lip Tint,"Normal, Kering","Warm-Shade, Neutral-Shade",High-Stay,Satin/Velvet,75900
Luxcrime,Luxcrime Power Glasting Tinted Lip Oil,Almond Butter,Lip Cream,"Normal, Kering","Warm-Shade, Neutral-Shade",High-Stay,Glossy,89000
Luxcrime,Luxcrime Power Glasting Tinted Lip Oil,Mulberry,Lip Cream,"Normal, Kering",Cool-Shade,High-Stay,Glossy,89000
Luxcrime,Luxcrime Power Glasting Tinted Lip Oil,Peony,Lip Cream,"Normal, Kering","Cool-Shade, Neutral-Shade",High-Stay,Glossy,89000
Luxcrime,Luxcrime Power Glasting Tinted Lip Oil,Rosella,Lip Cream,"Normal, Kering","Warm-Shade, Neutral-Shade",High-Stay,Glossy,89000
Luxcrime,Luxcrime Power Glasting Tinted Lip Oil,Cocoa,Lip Cream,"Normal, Kering",Warm-Shade,High-Stay,Glossy,89000
Luxcrime,Luxcrime Power Glasting Tinted Lip Oil,Wild Orchid,Lip Cream,"Normal, Kering",Cool-Shade,High-Stay,Glossy,89000
Luxcrime,Luxcrime Power Glasting Tinted Lip Oil,Burnt Maple,Lip Cream,"Normal, Kering",Warm-Shade,High-Stay,Glossy,89000
Luxcrime,Luxcrime Power Glasting Tinted Lip Oil,Dark Scarlet,Lip Cream,"Normal, Kering","Cool-Shade, Neutral-Shade",High-Stay,Glossy,89000
Teratu,Teratu Lip Tinted Treatment,,Lip Tinted,"Kering, Dehidrasi","Warm-Shade, Neutral-Shade, Cool-Shade",High-Stay,Satin/Velvet,49500
Lovillea,Lovillea Lippy Serum Tint,Red Punch,Lip Serum,"Normal, Kering, Dehidrasi","Warm-Shade, Neutral-Shade",High-Stay,Glossy,30000
Lovillea,Lovillea Lippy Serum Tint,Plum Sweet,Lip Serum,"Normal, Kering, Dehidrasi",Cool-Shade,High-Stay,Glossy,30000
Lovillea,Lovillea Lippy Serum Tint,Mauve Lovey,Lip Serum,"Normal, Kering, Dehidrasi","Cool-Shade, Neutral-Shade",High-Stay,Glossy,30000
Lovillea,Lovillea Lippy Serum Tint,Pink Crush,Lip Serum,"Normal, Kering, Dehidrasi",Cool-Shade,High-Stay,Glossy,30000
Lovillea,Lovillea Lippy Serum Tint,Coral Charm,Lip Serum,"Normal, Kering, Dehidrasi",Warm-Shade,High-Stay,Glossy,30000
Pinkflash,Pinkflash Dual Ended Lip Cream [ PF-L35 ],Toasted Beige,Lip Cream,"Normal, Kering","Warm-Shade, Neutral-Shade",High-Stay,Matte,44900
Pinkflash,Pinkflash Dual Ended Lip Cream [ PF-L35 ],Spicy Drama,Lip Cream,"Normal, Kering",Warm-Shade,High-Stay,Matte,44900
Pinkflash,Pinkflash Dual Ended Lip Cream [ PF-L35 ],Blushin Mood,Lip Cream,"Normal, Kering","Cool-Shade, Neutral-Shade",High-Stay,Matte,44900
Pinkflash,Pinkflash Dual Ended Lip Cream [ PF-L35 ],Cherry Cola,Lip Cream,"Normal, Kering","Warm-Shade, Neutral-Shade",High-Stay,Matte,44900
Pinkflash,Pinkflash Dual Ended Lip Cream [ PF-L35 ],Sweet Talker,Lip Cream,"Normal, Kering",Warm-Shade,High-Stay,Matte,44900
Pinkflash,Pinkflash Dual Ended Lip Cream [ PF-L35 ],Hot Mess,Lip Cream,"Normal, Kering","Warm-Shade, Neutral-Shade",High-Stay,Matte,44900
Pinkflash,Pinkflash Dual Ended Lip Cream [ PF-L35 ],Rebel Heart,Lip Cream,"Normal, Kering",Warm-Shade,High-Stay,Matte,44900
YOU,YOU Cloud Paint Love You Tint,Peachy Orange,Lip Tint,"Normal, Kering",Warm-Shade,High-Stay,Satin/Velvet,59900
YOU,YOU Cloud Paint Love You Tint,Strawberry Sorbet,Lip Tint,"Normal, Kering",Cool-Shade,High-Stay,Satin/Velvet,59900
YOU,YOU Cloud Paint Love You Tint,Red Velvet,Lip Tint,"Normal, Kering","Cool-Shade, Neutral-Shade",High-Stay,Satin/Velvet,59900
YOU,YOU Cloud Paint Love You Tint,Cherry Red,Lip Tint,"Normal, Kering","Warm-Shade, Neutral-Shade",High-Stay,Satin/Velvet,59900
Vaseline,Vaseline Emily In Paris Lip Oil,Berry Bisous,Lip Oil,"Normal, Kering",Cool-Shade,High-Stay,Glossy,80000
Vaseline,Vaseline Emily In Paris Lip Oil,Rose Amour,Lip Oil,"Normal, Kering",Cool-Shade,High-Stay,Glossy,80000
Vaseline,Vaseline Emily In Paris Lip Oil,Nude Cream,Lip Oil,"Normal, Kering","Warm-Shade, Neutral-Shade",High-Stay,Glossy,80000
TimePhoria,TimePhoria Altera Lip Tint Series,Flux,Lip Tint,"Normal, Kering, Dehidrasi",Warm-Shade,High-Stay,Satin/Velvet,113050
TimePhoria,TimePhoria Altera Lip Tint Series,Burst,Lip Tint,"Normal, Kering, Dehidrasi",Warm-Shade,High-Stay,Satin/Velvet,113050
TimePhoria,TimePhoria Altera Lip Tint Series,Bloom,Lip Tint,"Normal, Kering, Dehidrasi",Neutral-Shade,High-Stay,Satin/Velvet,113050
TimePhoria,TimePhoria Altera Lip Tint Series,Swirl,Lip Tint,"Normal, Kering, Dehidrasi",Cool-Shade,High-Stay,Satin/Velvet,113050
TimePhoria,TimePhoria Altera Lip Tint Series,Crush,Lip Tint,"Normal, Kering, Dehidrasi","Neutral-Shade, Cool-Shade",High-Stay,Satin/Velvet,113050
TimePhoria,TimePhoria Altera Lip Tint Series,Wisp,Lip Tint,"Normal, Kering, Dehidrasi",Cool-Shade,High-Stay,Satin/Velvet,113050
Teratu,Teratu Lip Glossy Melting Balm Stick,Cherry Mauve,Lip Tinted,"Normal, Kering, Dehidrasi","Cool-Shade, Neutral-Shade",Low-Stay,Glossy,89900
Teratu,Teratu Lip Glossy Melting Balm Stick,Nutty Sand,Lip Tinted,"Normal, Kering, Dehidrasi","Warm-Shade, Neutral-Shade",Low-Stay,Glossy,89900
BNB Barenbliss,BNB Barenbliss Dual Lip Cream,Peach Pride,Dual Lip Cream,"Normal, Kering","Warm-Shade, Neutral-Shade",High-Stay,Matte,85500
BNB Barenbliss,BNB Barenbliss Dual Lip Cream,Deeply in Rose,Dual Lip Cream,"Normal, Kering","Cool-Shade, Neutral-Shade",High-Stay,Matte,85500
BNB Barenbliss,BNB Barenbliss Dual Lip Cream,Sweet Mauve,Dual Lip Cream,"Normal, Kering",Cool-Shade,High-Stay,Matte,85500
BNB Barenbliss,BNB Barenbliss Dual Lip Cream,Scarlet Heart,Dual Lip Cream,"Normal, Kering","Warm-Shade, Neutral-Shade",High-Stay,Matte,85500
Dazzle me,Dazzle me Matte & Gloss Lip Cream Duo,Nude Hue,Lip Matte & Lip Gloss,"Kering, Dehidrasi","Neutral-Shade, Warm-Shade",,Matte,39900
Dazzle me,Dazzle me Matte & Gloss Lip Cream Duo,Mauve Matter,Lip Matte & Lip Gloss,"Kering, Dehidrasi","Neutral-Shade, Cool-Shade",,Matte,39900
Dazzle me,Dazzle me Matte & Gloss Lip Cream Duo,Cherry Bomb,Lip Matte & Lip Gloss,"Kering, Dehidrasi",Cool-Shade,,Matte,39900
Dazzle me,Dazzle me Matte & Gloss Lip Cream Duo,Rose Up,Lip Matte & Lip Gloss,"Kering, Dehidrasi","Neutral-Shade, Cool-Shade",,Matte,39900
Dazzle me,Dazzle me Matte & Gloss Lip Cream Duo,Berry Banger,Lip Matte & Lip Gloss,"Kering, Dehidrasi",Cool-Shade,,Matte,39900
Jacquelle,Jacquelle Lip Gloss Serum Series,,Lip Serum,"Normal, Kering, Dehidrasi","Neutral-Shade, Warm-Shade, Cool-Shade",Low-Stay,Glossy,79230
Raecca,Raecca Tinted Jelly Balm,Bunny Pink,Tinted Balm,"Kering, Dehidrasi","Neutral-Shade, Cool-Shade",,Glossy,67410
Raecca,Raecca Tinted Jelly Balm,Wild Mauve,Tinted Balm,"Kering, Dehidrasi",Cool-Shade,,Glossy,67410
Raecca,Raecca Tinted Jelly Balm,Nudy Caramel,Tinted Balm,"Kering, Dehidrasi",Warm-Shade,,Glossy,67410
Raecca,Raecca Tinted Jelly Balm,Spill Nude,Tinted Balm,"Kering, Dehidrasi",Neutral-Shade,,Glossy,67410
Raecca,Raecca Tinted Jelly Balm,Red Babe,Tinted Balm,"Kering, Dehidrasi","Neutral-Shade, Warm-Shade",,Glossy,67410
Raecca,Raecca Tinted Jelly Balm,Hippie Rose,Tinted Balm,"Kering, Dehidrasi","Neutral-Shade, Cool-Shade",,Glossy,67410
Goute,Goute Glowsy Light Tinted Lip Balm,Hutt Pink Lagoon,Lip Balm,"Kering, Normal, Dehidrasi","Neutral-Shade, Cool-Shade",Low-Stay,Glossy,47000
Goute,Goute Glowsy Light Tinted Lip Balm,Rue Crepe,Lip Balm,"Kering, Normal, Dehidrasi",Warm-Shade,Low-Stay,Glossy,47000
Goute,Goute Glowsy Light Tinted Lip Balm,Red Light District,Lip Balm,"Kering, Normal, Dehidrasi",Cool-Shade,Low-Stay,Glossy,47000
Goute,Goute Glowsy Light Tinted Lip Balm,Maple Grove,Lip Balm,"Kering, Normal, Dehidrasi",Warm-Shade,Low-Stay,Glossy,47000
Goute,Goute Glowsy Light Tinted Lip Balm,Hazelnut Montmartre,Lip Balm,"Kering, Normal, Dehidrasi",Warm-Shade,Low-Stay,Glossy,47000
Goute,Goute Glowsy Light Tinted Lip Balm,La Maison Rose,Lip Balm,"Kering, Normal, Dehidrasi","Neutral-Shade, Cool-Shade",Low-Stay,Glossy,47000
Goute,Goute Glowsy Light Tinted Lip Balm,Rue Mauve,Lip Balm,"Kering, Normal, Dehidrasi",Cool-Shade,Low-Stay,Glossy,47000
Scarlett,Scarlett Glass Glow Tinted Lip Balm,Peachy Glaze,Lip Balm,"Kering, Normal, Dehidrasi","Neutral-Shade, Cool-Shade",Low-Stay,Glossy,60300
Scarlett,Scarlett Glass Glow Tinted Lip Balm,Juicy Cherry,Lip Balm,"Kering, Normal, Dehidrasi",Cool-Shade,Low-Stay,Glossy,60300
Scarlett,Scarlett Glass Glow Tinted Lip Balm,Caramel Gloss,Lip Balm,"Kering, Normal, Dehidrasi",Warm-Shade,Low-Stay,Glossy,60300
Scarlett,Scarlett Glass Glow Tinted Lip Balm,Pink Punch,Lip Balm,"Kering, Normal, Dehidrasi",Cool-Shade,Low-Stay,Glossy,60300
Scarlett,Scarlett Glass Glow Tinted Lip Balm,Berry Shine,Lip Balm,"Kering, Normal, Dehidrasi","Cool-Shade, Neutral-Shade",Low-Stay,Glossy,60300
Jacquelle,Jacquelle Quby Edition Pop Balm Series,Watermelon,Lip Balm,"Kering, Normal, Dehidrasi","Cool-Shade, Neutral-Shade",Low-Stay,Glossy,50496
Jacquelle,Jacquelle Quby Edition Pop Balm Series,Grapeful,Lip Balm,"Kering, Normal, Dehidrasi",Cool-Shade,Low-Stay,Glossy,50496
Jacquelle,Jacquelle Quby Edition Pop Balm Series,Sugar Rush,Lip Balm,"Kering, Normal, Dehidrasi","Warm-Shade, Cool-Shade, Neutral-Shade",Low-Stay,Glossy,50496
Lovillea,Lovillea Lippy Balm Triple Natural Care,Rosee Pink,Lip Balm,"Kering, Normal, Dehidrasi","Cool-Shade, Neutral-Shade",Low-Stay,Glossy,25200
Lovillea,Lovillea Lippy Balm Triple Natural Care,Blushy Red,Lip Balm,"Kering, Normal, Dehidrasi",Cool-Shade,Low-Stay,Glossy,25200
Lovillea,Lovillea Lippy Balm Triple Natural Care,Pure Natural,Lip Balm,"Kering, Normal, Dehidrasi",Warm-Shade,Low-Stay,Glossy,25200
BNB barenbliss,BNB barenbliss No Gravity Transferproof Matte Lipstick,Mercury Peach,Lipstick,"Normal, Kering, Dehidrasi","Neutral-Shade, Warm-Shade",High-Stay,Matte,92900
BNB barenbliss,BNB barenbliss No Gravity Transferproof Matte Lipstick,Saturn Nude,Lipstick,"Normal, Kering, Dehidrasi",Warm-Shade,High-Stay,Matte,92900
BNB barenbliss,BNB barenbliss No Gravity Transferproof Matte Lipstick,Venus Coral,Lipstick,"Normal, Kering, Dehidrasi",Warm-Shade,High-Stay,Matte,92900
BNB barenbliss,BNB barenbliss No Gravity Transferproof Matte Lipstick,Jupiter Ruby,Lipstick,"Normal, Kering, Dehidrasi","Neutral-Shade, Cool-Shade",High-Stay,Matte,92900
BNB barenbliss,BNB barenbliss No Gravity Transferproof Matte Lipstick,Mars Rose,Lipstick,"Normal, Kering, Dehidrasi","Neutral-Shade, Cool-Shade",High-Stay,Matte,92900
BNB barenbliss,BNB barenbliss No Gravity Transferproof Matte Lipstick,Earth Berry,Lipstick,"Normal, Kering, Dehidrasi",Warm-Shade,High-Stay,Matte,92900
Rose All Day,Rose All Day Lip Mousse The Powerpuff Girls Edition,All Nice,Lip Mousse,"Normal, Kering, Dehidrasi","Warm-Shade, Neutral-Shade",High-Stay,Satin/Velvet,99000
Rose All Day,Rose All Day Lip Mousse The Powerpuff Girls Edition,Sugar,Lip Mousse,"Normal, Kering, Dehidrasi","Warm-Shade, Neutral-Shade",High-Stay,Satin/Velvet,99000
Rose All Day,Rose All Day Lip Mousse The Powerpuff Girls Edition,Spice,Lip Mousse,"Normal, Kering, Dehidrasi","Cool-Shade, Neutral-Shade",High-Stay,Satin/Velvet,99000
Soulyu,Soulyu Juicy Glow Lip Balm,Ate,Lip Balm,"Kering, Normal, Dehidrasi","Warm-Shade, Neutral-Shade",Low-Stay,Glossy,67450
Soulyu,Soulyu Juicy Glow Lip Balm,Drip,Lip Balm,"Kering, Normal, Dehidrasi",Neutral-Shade,Low-Stay,Glossy,67450
Soulyu,Soulyu Juicy Glow Lip Balm,Bop,Lip Balm,"Kering, Normal, Dehidrasi",Cool-Shade,Low-Stay,Glossy,67450
Soulyu,Soulyu Juicy Glow Lip Balm,Rizz,Lip Balm,"Kering, Normal, Dehidrasi",Warm-Shade,Low-Stay,Glossy,67450
Soulyu,Soulyu Juicy Glow Lip Balm,Sheesh,Lip Balm,"Kering, Normal, Dehidrasi","Cool-Shade, Neutral-Shade",Low-Stay,Glossy,67450
Pixy,Pixy Time To Gloss,Red Now,Lip Gloss,"Normal, Kering","Cool-Shade, Neutral-Shade",High-Stay,Glossy,45600
Pixy,Pixy Time To Gloss,Pink Hour,Lip Gloss,"Normal, Kering","Warm-Shade, Neutral-Shade",High-Stay,Glossy,45600
Pixy,Pixy Time To Gloss,Berry Soon,Lip Gloss,"Normal, Kering","Cool-Shade, Neutral-Shade",High-Stay,Glossy,45600
Pixy,Pixy Time To Gloss,Plum Week,Lip Gloss,"Normal, Kering","Cool-Shade, Neutral-Shade",High-Stay,Glossy,45600
Pixy,Pixy Time To Gloss,Brick Year,Lip Gloss,"Normal, Kering","Warm-Shade, Neutral-Shade",High-Stay,Glossy,45600
Pixy,Pixy Time To Gloss,Choco Tonight,Lip Gloss,"Normal, Kering","Warm-Shade, Neutral-Shade",High-Stay,Glossy,45600
Luxcrime,Luxcrime Glass Tinted Lip Balm,Sugar Plum,Lip Balm,"Kering, Normal, Dehidrasi","Warm-Shade, Neutral-Shade",Low-Stay,Glossy,89000
Luxcrime,Luxcrime Glass Tinted Lip Balm,Cotton Candy,Lip Balm,"Kering, Normal, Dehidrasi",Cool-Shade,Low-Stay,Glossy,89000
Luxcrime,Luxcrime Glass Tinted Lip Balm,Cocoa Creme,Lip Balm,"Kering, Normal, Dehidrasi",Neutral-Shade,Low-Stay,Glossy,89000
Luxcrime,Luxcrime Glass Tinted Lip Balm,Strawberry Sorbet,Lip Balm,"Kering, Normal, Dehidrasi",Cool-Shade,Low-Stay,Glossy,89000
Luxcrime,Luxcrime Glass Tinted Lip Balm,Peach Soda,Lip Balm,"Kering, Normal, Dehidrasi","Neutral-Shade, Warm-Shade",Low-Stay,Glossy,89000
Finally Found You!,Finally Found You! C+U Honey Lip Serum,,Lip Serum,"Kering, Dehidrasi","Neutral-Shade, Warm-Shade, Cool-Shade",Low-Stay,Glossy,152100
Dazzle Me,Dazzle Me Color Chrome Lip Glaze,Foxy Pink,Lip Glaze,"Kering, Dehidrasi","Neutral-Shade, Warm-Shade",Low-Stay,Glossy,39900
Dazzle Me,Dazzle Me Color Chrome Lip Glaze,Ginger Fire,Lip Glaze,"Kering, Dehidrasi",Warm-Shade,Low-Stay,Glossy,39900
Dazzle Me,Dazzle Me Color Chrome Lip Glaze,Maple Hazle,Lip Glaze,"Kering, Dehidrasi",Neutral-Shade,Low-Stay,Glossy,39900
Dazzle Me,Dazzle Me Color Chrome Lip Glaze,Rose Blush,Lip Glaze,"Kering, Dehidrasi","Neutral-Shade, Warm-Shade",Low-Stay,Glossy,39900
Dazzle Me,Dazzle Me Color Chrome Lip Glaze,Smoke Auburn,Lip Glaze,"Kering, Dehidrasi","Neutral-Shade, Cool-Shade",Low-Stay,Glossy,39900
Make Over,Make Over Lip Liner,Exposed,Lip Liner,"Normal, Kering","Warm-Shade, Neutral-Shade",High-Stay,Matte,99000
Make Over,Make Over Lip Liner,Flatter,Lip Liner,"Normal, Kering","Neutral-Shade, Warm-Shade",High-Stay,Matte,99000
Make Over,Make Over Lip Liner,Pin Up,Lip Liner,"Normal, Kering","Warm-Shade, Cool-Shade",High-Stay,Matte,99000
ESQA,ESQA Sweet Treat Lip Jelly Pot Series,Caramel Swirl,Lip Jelly,"Normal, Kering",Warm-Shade,Low-Stay,Glossy,115625
ESQA,ESQA Sweet Treat Lip Jelly Pot Series,Cotton Candy,Lip Jelly,"Normal, Kering",Cool-Shade,Low-Stay,Glossy,115625
ESQA,ESQA Sweet Treat Lip Jelly Pot Series,Candy Cane,Lip Jelly,"Normal, Kering",Warm-Shade,Low-Stay,Glossy,115625
ESQA,ESQA Sweet Treat Lip Jelly Pot Series,Bubble Gum,Lip Jelly,"Normal, Kering",Neutral-Shade,Low-Stay,Glossy,115625
ESQA,ESQA Sweet Treat Lip Jelly Pot Series,Lollipop,Lip Jelly,"Normal, Kering",Cool-Shade,Low-Stay,Glossy,115625
ESQA,ESQA Sweet Treat Lip Jelly Pot Series,Cherry Cola,Lip Jelly,"Normal, Kering",Neutral-Shade,Low-Stay,Glossy,115625
Adara,Adara Glossy Lip Bomb,Coral Sunset,Lip Gloss,"Kering, Dehidrasi",Warm-Shade,Low-Stay,Glossy,65000
Adara,Adara Glossy Lip Bomb,Pink Peach,Lip Gloss,"Kering, Dehidrasi","Neutral-Shade, Cool-Shade",Low-Stay,Glossy,65000
Adara,Adara Glossy Lip Bomb,Brown Spice,Lip Gloss,"Kering, Dehidrasi",Warm-Shade,Low-Stay,Glossy,65000
Adara,Adara Glossy Lip Bomb,Rose Lilac,Lip Gloss,"Kering, Dehidrasi",Cool-Shade,Low-Stay,Glossy,65000
Adara,Adara Glossy Lip Bomb,Berry Sorbet,Lip Gloss,"Kering, Dehidrasi","Neutral-Shade, Cool-Shade",Low-Stay,Glossy,65000
Emina,Emina Lip Serum Water Color Series,Dawn,Lip Serum,"Kering, Dehidrasi","Neutral-Shade, Warm-Shade",Low-Stay,Glossy,37525
Emina,Emina Lip Serum Water Color Series,Mist,Lip Serum,"Kering, Dehidrasi",Cool-Shade,Low-Stay,Glossy,37525
Emina,Emina Lip Serum Water Color Series,Dusk,Lip Serum,"Kering, Dehidrasi",Warm-Shade,Low-Stay,Glossy,37525
Emina,Emina Lip Serum Water Color Series,Haze,Lip Serum,"Kering, Dehidrasi","Neutral-Shade, Warm-Shade",Low-Stay,Glossy,37525
Dazzle Me,Lipstick Pen Dazzle Me Color Chrome Melt To Dew Lip Click,Popular,Lip Glossy,"Normal, Kering, Dehidrasi",Neutral-Shade,High-Stay,Glossy,44900
Dazzle Me,Lipstick Pen Dazzle Me Color Chrome Melt To Dew Lip Click,Bunny Tongue,Lip Glossy,"Normal, Kering, Dehidrasi",Cool-Shade,High-Stay,Glossy,44900
Dazzle Me,Lipstick Pen Dazzle Me Color Chrome Melt To Dew Lip Click,Dream High,Lip Glossy,"Normal, Kering, Dehidrasi",Warm-Shade,High-Stay,Glossy,44900
Dazzle Me,Lipstick Pen Dazzle Me Color Chrome Melt To Dew Lip Click,Honey Gaze,Lip Glossy,"Normal, Kering, Dehidrasi",Warm-Shade,High-Stay,Glossy,44900
Dazzle Me,Lipstick Pen Dazzle Me Color Chrome Melt To Dew Lip Click,Shining Muscat,Lip Glossy,"Normal, Kering, Dehidrasi",Warm-Shade,High-Stay,Glossy,44900
Dazzle Me,Lipstick Pen Dazzle Me Color Chrome Melt To Dew Lip Click,Star World,Lip Glossy,"Normal, Kering, Dehidrasi",Cool-Shade,High-Stay,Glossy,44900
Luxcrime,Luxcrime Shine Addict Lip Vinyl,Coconut,Lip Vynil,"Kering, Dehidrasi","Neutral-Shade, Warm-Shade",High-Stay,Glossy,89000
Luxcrime,Luxcrime Shine Addict Lip Vinyl,Grapefruit,Lip Vynil,"Kering, Dehidrasi",Warm-Shade,High-Stay,Glossy,89000
Luxcrime,Luxcrime Shine Addict Lip Vinyl,Primrose,Lip Vynil,"Kering, Dehidrasi","Neutral-Shade, Warm-Shade",High-Stay,Glossy,89000
Luxcrime,Luxcrime Shine Addict Lip Vinyl,Cinnamon Toast,Lip Vynil,"Kering, Dehidrasi",Warm-Shade,High-Stay,Glossy,89000
Luxcrime,Luxcrime Shine Addict Lip Vinyl,Hibiscus,Lip Vynil,"Kering, Dehidrasi",Cool-Shade,High-Stay,Glossy,89000
YOU,YOU Cloud Touch Lip Tint Juicy Tint,Apple Candy,Lip Tint,"Kering, Dehidrasi",Warm-Shade,Low-Stay,Glossy,77000
YOU,YOU Cloud Touch Lip Tint Juicy Tint,Bubbly Peach,Lip Tint,"Kering, Dehidrasi",Warm-Shade,Low-Stay,Glossy,77000
YOU,YOU Cloud Touch Lip Tint Juicy Tint,Coco Bliss,Lip Tint,"Kering, Dehidrasi","Neutral-Shade, Warm-Shade",Low-Stay,Glossy,77000
YOU,YOU Cloud Touch Lip Tint Juicy Tint,Pink Fizz,Lip Tint,"Kering, Dehidrasi",Cool-Shade,Low-Stay,Glossy,77000
ESQA,ESQA Glow Pop Serum Lip Balm,Big Energy,Lip Balm,"Kering, Normal, Dehidrasi",Warm-Shade,Low-Stay,Glossy,118750
ESQA,ESQA Glow Pop Serum Lip Balm,Feel Good,Lip Balm,"Kering, Normal, Dehidrasi",Warm-Shade,Low-Stay,Glossy,118750
ESQA,ESQA Glow Pop Serum Lip Balm,Good Vibes,Lip Balm,"Kering, Normal, Dehidrasi",Warm-Shade,Low-Stay,Glossy,118750
ESQA,ESQA Glow Pop Serum Lip Balm,Classic Muse,Lip Balm,"Kering, Normal, Dehidrasi",Neutral-Shade,Low-Stay,Glossy,118750
ESQA,ESQA Glow Pop Serum Lip Balm,Date Night,Lip Balm,"Kering, Normal, Dehidrasi",Cool-Shade,Low-Stay,Glossy,118750
ESQA,ESQA Glow Pop Serum Lip Balm,On Point,Lip Balm,"Kering, Normal, Dehidrasi",Neutral-Shade,Low-Stay,Glossy,118750
ESQA,ESQA Glow Pop Serum Lip Balm,Picture Perfect,Lip Balm,"Kering, Normal, Dehidrasi",Cool-Shade,Low-Stay,Glossy,118750
ESQA,ESQA Glow Pop Serum Lip Balm,After Hours,Lip Balm,"Kering, Normal, Dehidrasi",Cool-Shade,Low-Stay,Glossy,118750
ESQA,ESQA Glow Pop Serum Lip Balm,Very Demure,Lip Balm,"Kering, Normal, Dehidrasi",Cool-Shade,Low-Stay,Glossy,118750
ESQA,ESQA Glow Pop Serum Lip Balm,Dream Chaser,Lip Balm,"Kering, Normal, Dehidrasi",Cool-Shade,Low-Stay,Glossy,118750
Goute,Goute Goutint Moisturizing Jelly Lip Tint Long-lasting up to 12H,Pylons Peach,Lip Tint,"Kering, Dehidrasi",Warm-Shade,High-Stay,Glossy,68700
Goute,Goute Goutint Moisturizing Jelly Lip Tint Long-lasting up to 12H,Bougain Lane,Lip Tint,"Kering, Dehidrasi",Cool-Shade,High-Stay,Glossy,68700
Goute,Goute Goutint Moisturizing Jelly Lip Tint Long-lasting up to 12H,Traffic Red,Lip Tint,"Kering, Dehidrasi",Warm-Shade,High-Stay,Glossy,68700
Goute,Goute Goutint Moisturizing Jelly Lip Tint Long-lasting up to 12H,Crimson Cinema,Lip Tint,"Kering, Dehidrasi","Neutral-Shade, Cool-Shade",High-Stay,Glossy,68700
Goute,Goute Goutint Moisturizing Jelly Lip Tint Long-lasting up to 12H,Mauve Tower,Lip Tint,"Kering, Dehidrasi","Neutral-Shade, Cool-Shade",High-Stay,Glossy,68700
Esqa,Esqa Cloud Kiss Refillable Powder Lipstick,Making Moves,Lipstick,"Kering, Dehidrasi","Neutral-Shade, Warm-Shade",High-Stay,Matte,98100
Esqa,Esqa Cloud Kiss Refillable Powder Lipstick,First Love,Lipstick,"Kering, Dehidrasi",Warm-Shade,High-Stay,Matte,98100
Esqa,Esqa Cloud Kiss Refillable Powder Lipstick,Hazy Dreams,Lipstick,"Kering, Dehidrasi","Neutral-Shade, Cool-Shade",High-Stay,Matte,98100
Esqa,Esqa Cloud Kiss Refillable Powder Lipstick,Endless Sky,Lipstick,"Kering, Dehidrasi",Warm-Shade,High-Stay,Matte,98100
Esqa,Esqa Cloud Kiss Refillable Powder Lipstick,Alter Ego,Lipstick,"Kering, Dehidrasi","Neutral-Shade, Cool-Shade",High-Stay,Matte,98100
Esqa,Esqa Cloud Kiss Refillable Powder Lipstick,Game Changer,Lipstick,"Kering, Dehidrasi","Neutral-Shade, Warm-Shade",High-Stay,Matte,98100
Esqa,Esqa Cloud Kiss Refillable Powder Lipstick,Rouge Rush,Lipstick,"Kering, Dehidrasi",Warm-Shade,High-Stay,Matte,98100
Esqa,Esqa Cloud Kiss Refillable Powder Lipstick,Electric Fire,Lipstick,"Kering, Dehidrasi",Cool-Shade,High-Stay,Matte,98100
Tavi,Tavi Lip Glide Gloss Tahan Lama,White Peach,Lip Glide,"Normal, Kering","Neutral-Shade, Cool-Shade",High-Stay,Glossy,89000
Tavi,Tavi Lip Glide Gloss Tahan Lama,Chai,Lip Glide,"Normal, Kering","Neutral-Shade, Warm-Shade",High-Stay,Glossy,89000
Tavi,Tavi Lip Glide Gloss Tahan Lama,Darjeeling,Lip Glide,"Normal, Kering",Warm-Shade,High-Stay,Glossy,89000
Tavi,Tavi Lip Glide Gloss Tahan Lama,Earl Grey,Lip Glide,"Normal, Kering","Neutral-Shade, Warm-Shade, Cool-Shade",High-Stay,Glossy,89000
Tavi,Tavi Lip Glide Gloss Tahan Lama,Hibiscus,Lip Glide,"Normal, Kering","Neutral-Shade, Warm-Shade",High-Stay,Glossy,89000
Tavi,Tavi Lip Glide Gloss Tahan Lama,Ceylon,Lip Glide,"Normal, Kering","Neutral-Shade, Warm-Shade, Cool-Shade",High-Stay,Glossy,89000
ESQA,ESQA Blurred Haze Velvet Lip Tint,Autumn Bliss,Lip Tint,"Kering, Dehidrasi","Neutral-Shade, Warm-Shade",High-Stay,Satin/Velvet,99750
ESQA,ESQA Blurred Haze Velvet Lip Tint,Crimson Crush,Lip Tint,"Kering, Dehidrasi","Neutral-Shade, Cool-Shade",High-Stay,Satin/Velvet,99750
ESQA,ESQA Blurred Haze Velvet Lip Tint,Honeymoon,Lip Tint,"Kering, Dehidrasi",Warm-Shade,High-Stay,Satin/Velvet,99750
ESQA,ESQA Blurred Haze Velvet Lip Tint,Level Up,Lip Tint,"Kering, Dehidrasi",Cool-Shade,High-Stay,Satin/Velvet,99750
ESQA,ESQA Blurred Haze Velvet Lip Tint,Meet Cute,Lip Tint,"Kering, Dehidrasi","Warm-Shade, Neutral-Shade, Cool-Shade",High-Stay,Satin/Velvet,99750
ESQA,ESQA Blurred Haze Velvet Lip Tint,Modern Chic,Lip Tint,"Kering, Dehidrasi",Warm-Shade,High-Stay,Satin/Velvet,99750
ESQA,ESQA Blurred Haze Velvet Lip Tint,Vintage Vibe,Lip Tint,"Kering, Dehidrasi",Cool-Shade,High-Stay,Satin/Velvet,99750
ESQA,ESQA Blurred Haze Velvet Lip Tint,Feel Good,Lip Tint,"Kering, Dehidrasi","Neutral-Shade, Cool-Shade",High-Stay,Satin/Velvet,99750
Saniye,Velvet Lip Matte Saniye Lip Matte Velvet Mousse,Oolong Milk Tea,Lip Matte,"Normal, Kering","Neutral-Shade, Warm-Shade",High-Stay,Satin/Velvet,66500
Saniye,Velvet Lip Matte Saniye Lip Matte Velvet Mousse,Rose Rose,Lip Matte,"Normal, Kering","Neutral-Shade, Cool-Shade",High-Stay,Satin/Velvet,66500
Saniye,Velvet Lip Matte Saniye Lip Matte Velvet Mousse,Carrot,Lip Matte,"Normal, Kering",Warm-Shade,High-Stay,Satin/Velvet,66500
Saniye,Velvet Lip Matte Saniye Lip Matte Velvet Mousse,Hawthorn,Lip Matte,"Normal, Kering","Neutral-Shade, Warm-Shade",High-Stay,Satin/Velvet,66500
Saniye,Velvet Lip Matte Saniye Lip Matte Velvet Mousse,Strawberry,Lip Matte,"Normal, Kering",Cool-Shade,High-Stay,Satin/Velvet,66500
Saniye,Velvet Lip Matte Saniye Lip Matte Velvet Mousse,Cherries,Lip Matte,"Normal, Kering","Neutral-Shade, Warm-Shade",High-Stay,Satin/Velvet,66500
Saniye,Velvet Lip Matte Saniye Lip Matte Velvet Mousse,Sweet Tea,Lip Matte,"Normal, Kering",Warm-Shade,High-Stay,Satin/Velvet,66500
Saniye,Velvet Lip Matte Saniye Lip Matte Velvet Mousse,Caramel Cocoa,Lip Matte,"Normal, Kering",Warm-Shade,High-Stay,Satin/Velvet,66500
Azarine,Azarine Tinted Lippiecable Balm x Minions,Banana Jelly,Lip Balm,"Kering, Normal, Dehidrasi","Warm-Shade, Cool-Shade, Neutral-Shade",Low-Stay,Glossy,53350
Azarine,Azarine Tinted Lippiecable Balm x Minions,Caramel Candy,Lip Balm,"Kering, Normal, Dehidrasi",Warm-Shade,Low-Stay,Glossy,53350
Azarine,Azarine Tinted Lippiecable Balm x Minions,Apple Toffee,Lip Balm,"Kering, Normal, Dehidrasi",Neutral-Shade,Low-Stay,Glossy,53350
Azarine,Azarine Tinted Lippiecable Balm x Minions,Pinky Gummy,Lip Balm,"Kering, Normal, Dehidrasi","Neutral-Shade, Cool-Shade",Low-Stay,Glossy,53350
Focallure,Focallure Airy Velvety Lipcream,NU01,Lip Cream,"Normal, Kering, Dehidrasi","Neutral-Shade, Warm-Shade",High-Stay,Satin/Velvet,182000
Focallure,Focallure Airy Velvety Lipcream,NU02,Lip Cream,"Normal, Kering, Dehidrasi",Warm-Shade,High-Stay,Satin/Velvet,182000
Focallure,Focallure Airy Velvety Lipcream,OR01,Lip Cream,"Normal, Kering, Dehidrasi",Warm-Shade,High-Stay,Satin/Velvet,182000
Focallure,Focallure Airy Velvety Lipcream,OR02,Lip Cream,"Normal, Kering, Dehidrasi",Warm-Shade,High-Stay,Satin/Velvet,182000
Focallure,Focallure Airy Velvety Lipcream,PK01,Lip Cream,"Normal, Kering, Dehidrasi","Neutral-Shade, Cool-Shade",High-Stay,Satin/Velvet,182000
Focallure,Focallure Airy Velvety Lipcream,PK02,Lip Cream,"Normal, Kering, Dehidrasi","Neutral-Shade, Cool-Shade",High-Stay,Satin/Velvet,182000
Focallure,Focallure Glossy Lip Balm,,Lip Balm,"Kering, Normal, Dehidrasi","Warm-Shade, Cool-Shade, Neutral-Shade",High-Stay,Glossy,57000
BNB Barenbliss,BNB Barenbliss Plum Makes Plumping Lip Gloss,Bare,Lip Gloss,"Kering, Dehidrasi","Warm-Shade, Neutral-Shade, Cool-Shade",High-Stay,Glossy,75900
BNB Barenbliss,BNB Barenbliss Plum Makes Plumping Lip Gloss,MLBB,Lip Gloss,"Kering, Dehidrasi","Neutral-Shade, Warm-Shade",High-Stay,Glossy,75900
BNB Barenbliss,BNB Barenbliss Plum Makes Plumping Lip Gloss,Too Hot,Lip Gloss,"Kering, Dehidrasi","Neutral-Shade, Cool-Shade",High-Stay,Glossy,75900
Purbasari,Lipstick Matte Purbasari Lipstick Color Matte,Topaz,Lipstick,"Normal, Kering",Warm-Shade,High-Stay,Matte,33820
Purbasari,Lipstick Matte Purbasari Lipstick Color Matte,Amethyst,Lipstick,"Normal, Kering",Warm-Shade,High-Stay,Matte,33820
Purbasari,Lipstick Matte Purbasari Lipstick Color Matte,Crystal,Lipstick,"Normal, Kering",Warm-Shade,High-Stay,Matte,33820
Purbasari,Lipstick Matte Purbasari Lipstick Color Matte,Ruby,Lipstick,"Normal, Kering",Warm-Shade,High-Stay,Matte,33820